combine_file,combine_year,combine_player,best_ratio_seen,note,matched_athlete_id
2000.csv,2000,Darnell Alford,,no confident match (NFL_id=N/A),
2000.csv,2000,Mark Baniewicz,,no confident match (NFL_id=N/A),
2000.csv,2000,Michael Boireau,,no confident match (NFL_id=N/A),
2000.csv,2000,Giovanni Carmazzi,,no confident match (NFL_id=N/A),
2000.csv,2000,Joey Chustz,,no confident match (NFL_id=N/A),
2000.csv,2000,John Frank,,no confident match (NFL_id=N/A),
2000.csv,2000,Jason Gavadza,,no confident match (NFL_id=N/A),
2000.csv,2000,Sherrod Gideon,,no confident match (NFL_id=N/A),
2000.csv,2000,Thomas Hamner,,no confident match (NFL_id=N/A),
2000.csv,2000,Jeff Harris,,no confident match (NFL_id=N/A),
2000.csv,2000,Ethan Howell,,no confident match (NFL_id=N/A),
2000.csv,2000,Matt Johnson,,no confident match (NFL_id=N/A),
2000.csv,2000,Andrew Kline,,no confident match (NFL_id=N/A),
2000.csv,2000,Anthony Lucas,,no confident match (NFL_id=N/A),
2000.csv,2000,Chris McIntosh,,no confident match (NFL_id=N/A),
2000.csv,2000,Richard Mercier,,no confident match (NFL_id=N/A),
2000.csv,2000,Muneer Moore,,no confident match (NFL_id=N/A),
2000.csv,2000,Kaulana Noa,,no confident match (NFL_id=N/A),
2000.csv,2000,Mareno Philyaw,,no confident match (NFL_id=N/A),
2000.csv,2000,Quinton Reese,,no confident match (NFL_id=N/A),
2000.csv,2000,Manuia Savea,,no confident match (NFL_id=N/A),
2000.csv,2000,Richard Seals,,no confident match (NFL_id=N/A),
2000.csv,2000,Wes Shivers,,no confident match (NFL_id=N/A),
2000.csv,2000,Jason Thomas,,no confident match (NFL_id=N/A),
2000.csv,2000,Austin Wheatley,,no confident match (NFL_id=N/A),
2001.csv,2001,Josh Booty,,no confident match (NFL_id=N/A),
2001.csv,2001,John Capel,,no confident match (NFL_id=N/A),
2001.csv,2001,Rick Crowell,,no confident match (NFL_id=N/A),
2001.csv,2001,Ennis Davis,,no confident match (NFL_id=N/A),
2001.csv,2001,Char-Ron Dorsey,,no confident match (NFL_id=N/A),
2001.csv,2001,Shawn Draper,,no confident match (NFL_id=N/A),
2001.csv,2001,Bill Ferrario,,no confident match (NFL_id=N/A),
2001.csv,2001,Dauntae' Finger,,no confident match (NFL_id=N/A),
2001.csv,2001,Randy Garner,,no confident match (NFL_id=N/A),
2001.csv,2001,Adam Haayer,,no confident match (NFL_id=N/A),
2001.csv,2001,Josh Heupel,,no confident match (NFL_id=N/A),
2001.csv,2001,Menson Holloway,,no confident match (NFL_id=N/A),
2001.csv,2001,Kenyatta Jones,,no confident match (NFL_id=N/A),
2001.csv,2001,David Leaverton,,no confident match (NFL_id=N/A),
2001.csv,2001,Victor Leyva,,no confident match (NFL_id=N/A),
2001.csv,2001,Alex Lincoln,,no confident match (NFL_id=N/A),
2001.csv,2001,Arther Love,,no confident match (NFL_id=N/A),
2001.csv,2001,Dwayne Missouri,,no confident match (NFL_id=N/A),
2001.csv,2001,Bobby Newcombe,,no confident match (NFL_id=N/A),
2001.csv,2001,Mathias Nkwenti,,no confident match (NFL_id=N/A),
2001.csv,2001,Dennis Norman,,no confident match (NFL_id=N/A),
2001.csv,2001,Bernard Robertson,,no confident match (NFL_id=N/A),
2001.csv,2001,Elliot Silvers,,no confident match (NFL_id=N/A),
2001.csv,2001,Alex Sulfsted,,no confident match (NFL_id=N/A),
2001.csv,2001,Paul Toviessi,,no confident match (NFL_id=N/A),
2001.csv,2001,Michael Vick,,no confident match (NFL_id=N/A),
2001.csv,2001,Chad Ward,,no confident match (NFL_id=N/A),
2001.csv,2001,Louis Williams,,no confident match (NFL_id=N/A),
2001.csv,2001,Brandon Winey,,no confident match (NFL_id=N/A),
2002.csv,2002,Matt Anderle,,no confident match (NFL_id=N/A),
2002.csv,2002,Mark Anelli,,no confident match (NFL_id=N/A),
2002.csv,2002,Clenton Ballard,,no confident match (NFL_id=N/A),
2002.csv,2002,Chad Beasley,,no confident match (NFL_id=N/A),
2002.csv,2002,Martin Bibla,,no confident match (NFL_id=N/A),
2002.csv,2002,Pete Campion,,no confident match (NFL_id=N/A),
2002.csv,2002,Terry Charles,,no confident match (NFL_id=N/A),
2002.csv,2002,Reggie Coleman,,no confident match (NFL_id=N/A),
2002.csv,2002,Eric Crouch,,no confident match (NFL_id=N/A),
2002.csv,2002,Brandon Doman,,no confident match (NFL_id=N/A),
2002.csv,2002,Nate Dwyer,,no confident match (NFL_id=N/A),
2002.csv,2002,Toniu Fonoti,,no confident match (NFL_id=N/A),
2002.csv,2002,LaVar Glover,,no confident match (NFL_id=N/A),
2002.csv,2002,Matt Hill,,no confident match (NFL_id=N/A),
2002.csv,2002,Aaron Lockett,,no confident match (NFL_id=N/A),
2002.csv,2002,Freddie Milons,,no confident match (NFL_id=N/A),
2002.csv,2002,Derrius Monroe,,no confident match (NFL_id=N/A),
2002.csv,2002,Victor Rogers,,no confident match (NFL_id=N/A),
2002.csv,2002,Greg Scott,,no confident match (NFL_id=N/A),
2002.csv,2002,Luke Staley,,no confident match (NFL_id=N/A),
2002.csv,2002,Bryan Thomas,,fetch_failed: HTTPError: 500 Server Error: Internal Server Error for url: https://site.web.api.espn.com/apis/common/v3/sports/football/nfl/athletes/4836472/stats?region=us&lang=en&contentorigin=espn,4836472.0
2002.csv,2002,Tracey Wistrom,,no confident match (NFL_id=N/A),
2003.csv,2003,Justin Bates,,no confident match (NFL_id=N/A),
2003.csv,2003,Ben Claxton,,no confident match (NFL_id=N/A),
2003.csv,2003,Dan Curley,,no confident match (NFL_id=N/A),
2003.csv,2003,Brennan Curtin,,no confident match (NFL_id=N/A),
2003.csv,2003,Charles Drake,,no confident match (NFL_id=N/A),
2003.csv,2003,Brandon Drumm,,no confident match (NFL_id=N/A),
2003.csv,2003,Ahmaad Galloway,,no confident match (NFL_id=N/A),
2003.csv,2003,Ryan Hoag,,no confident match (NFL_id=N/A),
2003.csv,2003,Aaron Hunt,,no confident match (NFL_id=N/A),
2003.csv,2003,Ben Johnson,,no confident match (NFL_id=N/A),
2003.csv,2003,Kareem Kelly,,no confident match (NFL_id=N/A),
2003.csv,2003,Austin King,,no confident match (NFL_id=N/A),
2003.csv,2003,Scott Kooistra,,no confident match (NFL_id=N/A),
2003.csv,2003,Malaefou MacKenzie,,no confident match (NFL_id=N/A),
2003.csv,2003,Bryant McNeal,,no confident match (NFL_id=N/A),
2003.csv,2003,Clint Mitchell,,no confident match (NFL_id=N/A),
2003.csv,2003,Casey Moore,,no confident match (NFL_id=N/A),
2003.csv,2003,Bruce Nelson,,no confident match (NFL_id=N/A),
2003.csv,2003,Lance Nimmo,,no confident match (NFL_id=N/A),
2003.csv,2003,Tim Provost,,no confident match (NFL_id=N/A),
2003.csv,2003,Dustin Rykert,,no confident match (NFL_id=N/A),
2003.csv,2003,Antwoine Sanders,,no confident match (NFL_id=N/A),
2003.csv,2003,Ben Sobieski,,no confident match (NFL_id=N/A),
2003.csv,2003,Jon Stinchcomb,,no confident match (NFL_id=N/A),
2003.csv,2003,Scott Tercero,,no confident match (NFL_id=N/A),
2003.csv,2003,J.R. Tolver,,no confident match (NFL_id=N/A),
2003.csv,2003,Dennis Weathersby,,no confident match (NFL_id=N/A),
2003.csv,2003,Taylor Whitley,,no confident match (NFL_id=N/A),
2003.csv,2003,Brett Williams,,no confident match (NFL_id=N/A),
2003.csv,2003,Todd Williams,,no confident match (NFL_id=N/A),
2004.csv,2004,Derek Abney,,no confident match (NFL_id=N/A),
2004.csv,2004,Nathaniel Adibi,,no confident match (NFL_id=N/A),
2004.csv,2004,Tony Bua,,no confident match (NFL_id=N/A),
2004.csv,2004,Sean Bubin,,no confident match (NFL_id=N/A),
2004.csv,2004,Marko Cavka,,no confident match (NFL_id=N/A),
2004.csv,2004,Adrien Clarke,,no confident match (NFL_id=N/A),
2004.csv,2004,Trey Darilek,,no confident match (NFL_id=N/A),
2004.csv,2004,Nat Dorsey,,no confident match (NFL_id=N/A),
2004.csv,2004,Vontez Duff,,no confident match (NFL_id=N/A),
2004.csv,2004,Derrick Hamilton,,no confident match (NFL_id=N/A),
2004.csv,2004,Claude Harriott,,no confident match (NFL_id=N/A),
2004.csv,2004,Isaac Hilton,,no confident match (NFL_id=N/A),
2004.csv,2004,Shawn Johnson,,no confident match (NFL_id=N/A),
2004.csv,2004,Carlos Joseph,,no confident match (NFL_id=N/A),
2004.csv,2004,David Kimball,,no confident match (NFL_id=N/A),
2004.csv,2004,Jeremy LeSueur,,no confident match (NFL_id=N/A),
2004.csv,2004,Maurice Mann,,no confident match (NFL_id=N/A),
2004.csv,2004,Dylan McFarland,,no confident match (NFL_id=N/A),
2004.csv,2004,Jeris McIntyre,,no confident match (NFL_id=N/A),
2004.csv,2004,Tony Pape,,no confident match (NFL_id=N/A),
2004.csv,2004,Robert Reynolds,,no confident match (NFL_id=N/A),
2004.csv,2004,Brian Rimpf,,no confident match (NFL_id=N/A),
2004.csv,2004,Jacob Rogers,,no confident match (NFL_id=N/A),
2004.csv,2004,P.K. Sam,,no confident match (NFL_id=N/A),
2004.csv,2004,Josh Sewell,,no confident match (NFL_id=N/A),
2004.csv,2004,Jeff Smoker,,no confident match (NFL_id=N/A),
2004.csv,2004,Alex Stepanovich,,no confident match (NFL_id=N/A),
2004.csv,2004,Drew Strojny,,no confident match (NFL_id=N/A),
2004.csv,2004,B.J. Symons,,no confident match (NFL_id=N/A),
2004.csv,2004,Jeb Terry,,no confident match (NFL_id=N/A),
2004.csv,2004,Donnell Washington,,no confident match (NFL_id=N/A),
2004.csv,2004,Benjamin Watson,,no confident match (NFL_id=N/A),
2004.csv,2004,Mark Wilson,,no confident match (NFL_id=N/A),
2005.csv,2005,Anthony Alabi,,no confident match (NFL_id=N/A),
2005.csv,2005,Calvin Armstrong,,no confident match (NFL_id=N/A),
2005.csv,2005,O.J. Atogwe,,no confident match (NFL_id=N/A),
2005.csv,2005,Ronald Bartell,,no confident match (NFL_id=N/A),
2005.csv,2005,Justin Beriault,,no confident match (NFL_id=N/A),
2005.csv,2005,Craig Bragg,,no confident match (NFL_id=N/A),
2005.csv,2005,Vincent Burns,,no confident match (NFL_id=N/A),
2005.csv,2005,Maurice Clarett,,no confident match (NFL_id=N/A),
2005.csv,2005,Ryan Claridge,,no confident match (NFL_id=N/A),
2005.csv,2005,Jerome Collins,,no confident match (NFL_id=N/A),
2005.csv,2005,Chris Colmer,,no confident match (NFL_id=N/A),
2005.csv,2005,Junius Coston,,no confident match (NFL_id=N/A),
2005.csv,2005,Airese Currie,,no confident match (NFL_id=N/A),
2005.csv,2005,Jon Dunn,,no confident match (NFL_id=N/A),
2005.csv,2005,Trai Essex,,no confident match (NFL_id=N/A),
2005.csv,2005,Lionel Gates,,no confident match (NFL_id=N/A),
2005.csv,2005,Justin Geisinger,,no confident match (NFL_id=N/A),
2005.csv,2005,Fred Gibson,,no confident match (NFL_id=N/A),
2005.csv,2005,David Greene,,no confident match (NFL_id=N/A),
2005.csv,2005,Drew Hodgdon,,no confident match (NFL_id=N/A),
2005.csv,2005,Alphonso Hodge,,no confident match (NFL_id=N/A),
2005.csv,2005,Tony Jackson,,no confident match (NFL_id=N/A),
2005.csv,2005,Nick Kaczur,,no confident match (NFL_id=N/A),
2005.csv,2005,Adam Kieft,,no confident match (NFL_id=N/A),
2005.csv,2005,Stefan LeFors,,no confident match (NFL_id=N/A),
2005.csv,2005,Khari Long,,no confident match (NFL_id=N/A),
2005.csv,2005,Chase Lyman,,no confident match (NFL_id=N/A),
2005.csv,2005,Andre Maddox,,no confident match (NFL_id=N/A),
2005.csv,2005,Pete McMahon,,no confident match (NFL_id=N/A),
2005.csv,2005,Adrian McPherson,,no confident match (NFL_id=N/A),
2005.csv,2005,Mike Montgomery,,no confident match (NFL_id=N/A),
2005.csv,2005,Jared Newberry,,no confident match (NFL_id=N/A),
2005.csv,2005,Doug Nienhuis,,no confident match (NFL_id=N/A),
2005.csv,2005,Jeremy Parquet,,no confident match (NFL_id=N/A),
2005.csv,2005,Rob Petitti,,no confident match (NFL_id=N/A),
2005.csv,2005,Kenneth Pettway,,no confident match (NFL_id=N/A),
2005.csv,2005,Sione Pouha,,no confident match (NFL_id=N/A),
2005.csv,2005,J.R. Russell,,no confident match (NFL_id=N/A),
2005.csv,2005,Wes Sims,,no confident match (NFL_id=N/A),
2005.csv,2005,Bill Swancutt,,no confident match (NFL_id=N/A),
2005.csv,2005,Jimmy Verdon,,no confident match (NFL_id=N/A),
2005.csv,2005,Manuel White,,no confident match (NFL_id=N/A),
2005.csv,2005,Scott Young,,no confident match (NFL_id=N/A),
2006.csv,2006,Jeremy Bloom,,no confident match (NFL_id=N/A),
2006.csv,2006,Rashad Butler,,no confident match (NFL_id=N/A),
2006.csv,2006,P.J. Daniels,,no confident match (NFL_id=N/A),
2006.csv,2006,Charles Davis,,no confident match (NFL_id=N/A),
2006.csv,2006,Greg Eslinger,,no confident match (NFL_id=N/A),
2006.csv,2006,Mike Hass,,no confident match (NFL_id=N/A),
2006.csv,2006,Cedric Humes,,no confident match (NFL_id=N/A),
2006.csv,2006,Omar Jacobs,,no confident match (NFL_id=N/A),
2006.csv,2006,David Kirtman,,no confident match (NFL_id=N/A),
2006.csv,2006,Josh Lay,,no confident match (NFL_id=N/A),
2006.csv,2006,Jimmy Martin,,no confident match (NFL_id=N/A),
2006.csv,2006,Tim Massaquoi,,no confident match (NFL_id=N/A),
2006.csv,2006,Fred Matua,,no confident match (NFL_id=N/A),
2006.csv,2006,Marcus Maxey,,no confident match (NFL_id=N/A),
2006.csv,2006,Dee McCann,,no confident match (NFL_id=N/A),
2006.csv,2006,Gerrick McPhearson,,no confident match (NFL_id=N/A),
2006.csv,2006,DeMario Minter,,no confident match (NFL_id=N/A),
2006.csv,2006,A.J. Nicholson,,no confident match (NFL_id=N/A),
2006.csv,2006,Ryan O'Callaghan,,no confident match (NFL_id=N/A),
2006.csv,2006,Jonathan Orr,,no confident match (NFL_id=N/A),
2006.csv,2006,Babatunde Oshinowo,,no confident match (NFL_id=N/A),
2006.csv,2006,Terrance Pennington,,no confident match (NFL_id=N/A),
2006.csv,2006,Marvin Philip,,no confident match (NFL_id=N/A),
2006.csv,2006,Cory Rodgers,,no confident match (NFL_id=N/A),
2006.csv,2006,D.J. Shockley,,no confident match (NFL_id=N/A),
2006.csv,2006,Kevin Simon,,no confident match (NFL_id=N/A),
2006.csv,2006,Charles Spencer,,no confident match (NFL_id=N/A),
2006.csv,2006,Dan Stevenson,,no confident match (NFL_id=N/A),
2006.csv,2006,Joe Toledo,,no confident match (NFL_id=N/A),
2006.csv,2006,Michael Toudouze,,no confident match (NFL_id=N/A),
2006.csv,2006,E.J. Whitley,,no confident match (NFL_id=N/A),
2006.csv,2006,T.J. Williams,,no confident match (NFL_id=N/A),
2006.csv,2006,Alan Zemaitis,,no confident match (NFL_id=N/A),
2007.csv,2007,Rufus Alexander,,no confident match (NFL_id=N/A),
2007.csv,2007,Michael Allan,,no confident match (NFL_id=N/A),
2007.csv,2007,Andy Alleman,,no confident match (NFL_id=N/A),
2007.csv,2007,Dan Bazuin,,no confident match (NFL_id=N/A),
2007.csv,2007,Kareem Brown,,no confident match (NFL_id=N/A),
2007.csv,2007,Andrew Carnahan,,no confident match (NFL_id=N/A),
2007.csv,2007,Doug Datish,,no confident match (NFL_id=N/A),
2007.csv,2007,A.J. Davis,,no confident match (NFL_id=N/A),
2007.csv,2007,Chris Denman,,no confident match (NFL_id=N/A),
2007.csv,2007,Joel Filani,,no confident match (NFL_id=N/A),
2007.csv,2007,Dustin Fry,,no confident match (NFL_id=N/A),
2007.csv,2007,Brandon Frye,,no confident match (NFL_id=N/A),
2007.csv,2007,C.J. Gaddis,,no confident match (NFL_id=N/A),
2007.csv,2007,Nate Ilaoa,,no confident match (NFL_id=N/A),
2007.csv,2007,Kenny Irons,,no confident match (NFL_id=N/A),
2007.csv,2007,Keith Jackson,,no confident match (NFL_id=N/A),
2007.csv,2007,James Marten,,no confident match (NFL_id=N/A),
2007.csv,2007,Jay Moore,,no confident match (NFL_id=N/A),
2007.csv,2007,Drew Mormino,,no confident match (NFL_id=N/A),
2007.csv,2007,Michael Okwo,,no confident match (NFL_id=N/A),
2007.csv,2007,Chase Pittman,,no confident match (NFL_id=N/A),
2007.csv,2007,Jeff Rowe,,no confident match (NFL_id=N/A),
2007.csv,2007,Dan Santucci,,no confident match (NFL_id=N/A),
2007.csv,2007,Dallas Sartz,,no confident match (NFL_id=N/A),
2007.csv,2007,Ken Shackleford,,no confident match (NFL_id=N/A),
2007.csv,2007,Cameron Stephenson,,no confident match (NFL_id=N/A),
2007.csv,2007,Tony Ugoh,,no confident match (NFL_id=N/A),
2007.csv,2007,Chandler Williams,,no confident match (NFL_id=N/A),
2007.csv,2007,Abraham Wright,,no confident match (NFL_id=N/A),
2007.csv,2007,Mansfield Wrotto,,no confident match (NFL_id=N/A),
2008.csv,2008,Erik Ainge,,no confident match (NFL_id=N/A),
2008.csv,2008,Kirk Barton,,no confident match (NFL_id=N/A),
2008.csv,2008,Cory Boyd,,no confident match (NFL_id=N/A),
2008.csv,2008,Colt Brennan,,no confident match (NFL_id=N/A),
2008.csv,2008,Alex Brink,,no confident match (NFL_id=N/A),
2008.csv,2008,Thomas Brown,,no confident match (NFL_id=N/A),
2008.csv,2008,Andre Caldwell,,no confident match (NFL_id=N/A),
2008.csv,2008,Corey Clark,,no confident match (NFL_id=N/A),
2008.csv,2008,Angelo Craig,,no confident match (NFL_id=N/A),
2008.csv,2008,Wilrey Fontenot,,no confident match (NFL_id=N/A),
2008.csv,2008,David Hale,,no confident match (NFL_id=N/A),
2008.csv,2008,Justin Harper,,no confident match (NFL_id=N/A),
2008.csv,2008,Marcus Henry,,no confident match (NFL_id=N/A),
2008.csv,2008,Tony Hills,,no confident match (NFL_id=N/A),
2008.csv,2008,Mike Humpal,,no confident match (NFL_id=N/A),
2008.csv,2008,Jack Ikegwuonu,,no confident match (NFL_id=N/A),
2008.csv,2008,Steve Justice,,no confident match (NFL_id=N/A),
2008.csv,2008,Marcus Monk,,no confident match (NFL_id=N/A),
2008.csv,2008,Kenneth Moore,,no confident match (NFL_id=N/A),
2008.csv,2008,Shawn Murphy,,no confident match (NFL_id=N/A),
2008.csv,2008,Allen Patrick,,no confident match (NFL_id=N/A),
2008.csv,2008,Tyler Schmitt,,no confident match (NFL_id=N/A),
2008.csv,2008,Roy Schuening,,no confident match (NFL_id=N/A),
2008.csv,2008,Arman Shields,,no confident match (NFL_id=N/A),
2008.csv,2008,DeJuan Tribble,,no confident match (NFL_id=N/A),
2008.csv,2008,Mario Urrutia,,no confident match (NFL_id=N/A),
2008.csv,2008,Andre Woodson,,no confident match (NFL_id=N/A),
2009.csv,2009,Rhett Bomar,,no confident match (NFL_id=N/A),
2009.csv,2009,Robert Brewster,,no confident match (NFL_id=N/A),
2009.csv,2009,Cody Brown,,no confident match (NFL_id=N/A),
2009.csv,2009,Demetrius Byrd,,no confident match (NFL_id=N/A),
2009.csv,2009,Trevor Canfield,,no confident match (NFL_id=N/A),
2009.csv,2009,Don Carey,,no confident match (NFL_id=N/A),
2009.csv,2009,Davon Drew,,no confident match (NFL_id=N/A),
2009.csv,2009,Dominique Edison,,no confident match (NFL_id=N/A),
2009.csv,2009,Brooks Foster,,no confident match (NFL_id=N/A),
2009.csv,2009,Marcus Freeman,,no confident match (NFL_id=N/A),
2009.csv,2009,Xavier Fulton,,no confident match (NFL_id=N/A),
2009.csv,2009,Michael Hamlin,,no confident match (NFL_id=N/A),
2009.csv,2009,Stephen Hodge,,no confident match (NFL_id=N/A),
2009.csv,2009,Cornelius Ingram,,no confident match (NFL_id=N/A),
2009.csv,2009,Jake Ingram,,no confident match (NFL_id=N/A),
2009.csv,2009,Herman Johnson,,no confident match (NFL_id=N/A),
2009.csv,2009,Troy Kropog,,no confident match (NFL_id=N/A),
2009.csv,2009,Jonathan Luigs,,no confident match (NFL_id=N/A),
2009.csv,2009,Jamon Meredith,,no confident match (NFL_id=N/A),
2009.csv,2009,Mike Mickens,,no confident match (NFL_id=N/A),
2009.csv,2009,Ryan Mouton,,no confident match (NFL_id=N/A),
2009.csv,2009,Lydon Murtha,,no confident match (NFL_id=N/A),
2009.csv,2009,Seth Olsen,,no confident match (NFL_id=N/A),
2009.csv,2009,Darryl Richard,,no confident match (NFL_id=N/A),
2009.csv,2009,Duke Robinson,,no confident match (NFL_id=N/A),
2009.csv,2009,Stryker Sulak,,no confident match (NFL_id=N/A),
2009.csv,2009,Terrance Taylor,,no confident match (NFL_id=N/A),
2009.csv,2009,Jaimie Thomas,,no confident match (NFL_id=N/A),
2009.csv,2009,Fenuki Tupou,,no confident match (NFL_id=N/A),
2009.csv,2009,DeAndre Wright,,no confident match (NFL_id=N/A),
2010.csv,2010,Brent Bowden,,no confident match (NFL_id=N/A),
2010.csv,2010,Nate Byham,,no confident match (NFL_id=N/A),
2010.csv,2010,Kyle Calloway,,no confident match (NFL_id=N/A),
2010.csv,2010,Bruce Campbell,,no confident match (NFL_id=N/A),
2010.csv,2010,Sean Canfield,,no confident match (NFL_id=N/A),
2010.csv,2010,Selvish Capers,,no confident match (NFL_id=N/A),
2010.csv,2010,Hall Davis,,no confident match (NFL_id=N/A),
2010.csv,2010,Anthony Dixon,,no confident match (NFL_id=N/A),
2010.csv,2010,David Gettis,,no confident match (NFL_id=N/A),
2010.csv,2010,Chad Jones,,no confident match (NFL_id=N/A),
2010.csv,2010,Jammie Kirlew,,no confident match (NFL_id=N/A),
2010.csv,2010,Dan LeFevour,,no confident match (NFL_id=N/A),
2010.csv,2010,Kerry Meier,,no confident match (NFL_id=N/A),
2010.csv,2010,Eric Olsen,,no confident match (NFL_id=N/A),
2010.csv,2010,Jeff Owens,,no confident match (NFL_id=N/A),
2010.csv,2010,Mitch Petrus,,no confident match (NFL_id=N/A),
2010.csv,2010,Zac Robinson,,no confident match (NFL_id=N/A),
2010.csv,2010,Myron Rolle,,no confident match (NFL_id=N/A),
2010.csv,2010,Charles Scott,,no confident match (NFL_id=N/A),
2010.csv,2010,Shelley Smith,,no confident match (NFL_id=N/A),
2010.csv,2010,Matt Tennant,,no confident match (NFL_id=N/A),
2010.csv,2010,Ed Wang,,no confident match (NFL_id=N/A),
2010.csv,2010,Thomas Welch,,no confident match (NFL_id=N/A),
2011.csv,2011,David Arkin,,no confident match (NFL_id=N/A),
2011.csv,2011,Jon Baldwin,,no confident match (NFL_id=N/A),
2011.csv,2011,Jeremy Beal,,no confident match (NFL_id=N/A),
2011.csv,2011,James Brewer,,no confident match (NFL_id=N/A),
2011.csv,2011,Ricky Elmore,,no confident match (NFL_id=N/A),
2011.csv,2011,Nathan Enderle,,no confident match (NFL_id=N/A),
2011.csv,2011,Ross Homan,,no confident match (NFL_id=N/A),
2011.csv,2011,Ronald Johnson,,no confident match (NFL_id=N/A),
2011.csv,2011,Mark LeGree,,no confident match (NFL_id=N/A),
2011.csv,2011,Greg Lloyd,,no confident match (NFL_id=N/A),
2011.csv,2011,DeMarcus Love,,no confident match (NFL_id=N/A),
2011.csv,2011,John Moffitt,,no confident match (NFL_id=N/A),
2011.csv,2011,Jason Pinkston,,no confident match (NFL_id=N/A),
2011.csv,2011,Will Rackley,,no confident match (NFL_id=N/A),
2011.csv,2011,Greg Romeus,,no confident match (NFL_id=N/A),
2011.csv,2011,Robert Sands,,no confident match (NFL_id=N/A),
2011.csv,2011,Steve Schilling,,no confident match (NFL_id=N/A),
2011.csv,2011,Caleb Schlauderaff,,no confident match (NFL_id=N/A),
2011.csv,2011,Ricky Stanzi,,no confident match (NFL_id=N/A),
2011.csv,2011,Quan Sturdivant,,no confident match (NFL_id=N/A),
2011.csv,2011,Julian Vandervelde,,no confident match (NFL_id=N/A),
2011.csv,2011,Danny Watkins,,no confident match (NFL_id=N/A),
2011.csv,2011,Markus White,,no confident match (NFL_id=N/A),
2011.csv,2011,Keith Williams,,no confident match (NFL_id=N/A),
2011.csv,2011,Lawrence Wilson,,no confident match (NFL_id=N/A),
2011.csv,2011,Lee Ziemba,,no confident match (NFL_id=N/A),
2012.csv,2012,Justin Anderson,,no confident match (NFL_id=N/A),
2012.csv,2012,Mark Asper,,no confident match (NFL_id=N/A),
2012.csv,2012,Jake Bequette,,no confident match (NFL_id=N/A),
2012.csv,2012,Tony Bergstrom,,no confident match (NFL_id=N/A),
2012.csv,2012,Philip Blake,,no confident match (NFL_id=N/A),
2012.csv,2012,Greg Childs,,no confident match (NFL_id=N/A),
2012.csv,2012,Danny Coale,,no confident match (NFL_id=N/A),
2012.csv,2012,B.J. Coleman,,no confident match (NFL_id=N/A),
2012.csv,2012,B.J. Cunningham,,no confident match (NFL_id=N/A),
2012.csv,2012,Andrew Datko,,no confident match (NFL_id=N/A),
2012.csv,2012,Drake Dunsmore,,no confident match (NFL_id=N/A),
2012.csv,2012,Terrance Ganaway,,no confident match (NFL_id=N/A),
2012.csv,2012,T.J. Graham,,no confident match (NFL_id=N/A),
2012.csv,2012,Trevor Guyton,,no confident match (NFL_id=N/A),
2012.csv,2012,Chandler Harnish,,no confident match (NFL_id=N/A),
2012.csv,2012,Dan Herron,,no confident match (NFL_id=N/A),
2012.csv,2012,LaMichael James,,no confident match (NFL_id=N/A),
2012.csv,2012,Marcel Jones,,no confident match (NFL_id=N/A),
2012.csv,2012,Josh Kaddu,,no confident match (NFL_id=N/A),
2012.csv,2012,Peter Konz,,no confident match (NFL_id=N/A),
2012.csv,2012,Josh LeRibeus,,no confident match (NFL_id=N/A),
2012.csv,2012,Markelle Martin,,no confident match (NFL_id=N/A),
2012.csv,2012,Caleb McSurdy,,no confident match (NFL_id=N/A),
2012.csv,2012,DeQuan Menzie,,no confident match (NFL_id=N/A),
2012.csv,2012,David Molk,,no confident match (NFL_id=N/A),
2012.csv,2012,Nate Potter,,no confident match (NFL_id=N/A),
2012.csv,2012,Zebrie Sanders,,no confident match (NFL_id=N/A),
2012.csv,2012,Amini Silatolu,,no confident match (NFL_id=N/A),
2012.csv,2012,Christian Thompson,,no confident match (NFL_id=N/A),
2012.csv,2012,Johnnie Troutman,,no confident match (NFL_id=N/A),
2012.csv,2012,Brandon Washington,,no confident match (NFL_id=N/A),
2012.csv,2012,Rokevious Watkins,,no confident match (NFL_id=N/A),
2013.csv,2013,Ziggy Ansah,,no confident match (NFL_id=N/A),
2013.csv,2013,Marc Anthony,,no confident match (NFL_id=N/A),
2013.csv,2013,Jeff Baca,,no confident match (NFL_id=N/A),
2013.csv,2013,Travis Bond,,no confident match (NFL_id=N/A),
2013.csv,2013,Alan Bonner,,no confident match (NFL_id=N/A),
2013.csv,2013,John Boyett,,no confident match (NFL_id=N/A),
2013.csv,2013,Everett Dawkins,,no confident match (NFL_id=N/A),
2013.csv,2013,Zac Dysert,,no confident match (NFL_id=N/A),
2013.csv,2013,Reid Fragel,,no confident match (NFL_id=N/A),
2013.csv,2013,Garrett Gilkey,,no confident match (NFL_id=N/A),
2013.csv,2013,Tanner Hawkinson,,no confident match (NFL_id=N/A),
2013.csv,2013,Terry Hawthorne,,no confident match (NFL_id=N/A),
2013.csv,2013,Brandon Hepburn,,no confident match (NFL_id=N/A),
2013.csv,2013,Eric Herman,,no confident match (NFL_id=N/A),
2013.csv,2013,Khaled Holmes,,no confident match (NFL_id=N/A),
2013.csv,2013,Jawan Jamison,,no confident match (NFL_id=N/A),
2013.csv,2013,D.C. Jefferson,,no confident match (NFL_id=N/A),
2013.csv,2013,T.J. Johnson,,no confident match (NFL_id=N/A),
2013.csv,2013,Barrett Jones,,no confident match (NFL_id=N/A),
2013.csv,2013,Joe Kruger,,no confident match (NFL_id=N/A),
2013.csv,2013,Edmund Kugbila,,no confident match (NFL_id=N/A),
2013.csv,2013,Marcus Lattimore,,no confident match (NFL_id=N/A),
2013.csv,2013,Aaron Mellette,,no confident match (NFL_id=N/A),
2013.csv,2013,Sam Montgomery,,no confident match (NFL_id=N/A),
2013.csv,2013,Vinston Painter,,no confident match (NFL_id=N/A),
2013.csv,2013,Sean Porter,,no confident match (NFL_id=N/A),
2013.csv,2013,Jamoris Slaughter,,no confident match (NFL_id=N/A),
2013.csv,2013,Jared Smith,,no confident match (NFL_id=N/A),
2013.csv,2013,Brad Sorensen,,no confident match (NFL_id=N/A),
2013.csv,2013,Ryan Swope,,no confident match (NFL_id=N/A),
2013.csv,2013,Brennan Williams,,no confident match (NFL_id=N/A),
2013.csv,2013,Jesse Williams,,no confident match (NFL_id=N/A),
2013.csv,2013,Nicholas Williams,,no confident match (NFL_id=N/A),
2013.csv,2013,Braden Wilson,,no confident match (NFL_id=N/A),
2013.csv,2013,Tyler Wilson,,no confident match (NFL_id=N/A),
2013.csv,2013,Khalid Wooten,,no confident match (NFL_id=N/A),
2014.csv,2014,Mo Alexander,,no confident match (NFL_id=N/A),
2014.csv,2014,Rob Blanchflower,,no confident match (NFL_id=N/A),
2014.csv,2014,Tajh Boyd,,no confident match (NFL_id=N/A),
2014.csv,2014,Travis Carrie,,no confident match (NFL_id=N/A),
2014.csv,2014,Kadeem Edwards,,no confident match (NFL_id=N/A),
2014.csv,2014,Shaquelle Evans,,no confident match (NFL_id=N/A),
2014.csv,2014,Cameron Fleming,,no confident match (NFL_id=N/A),
2014.csv,2014,Tyler Gaffney,,no confident match (NFL_id=N/A),
2014.csv,2014,Jeremy Gallon,,no confident match (NFL_id=N/A),
2014.csv,2014,Louis Nix III,,no confident match (NFL_id=N/A),
2014.csv,2014,Kendall James,,no confident match (NFL_id=N/A),
2014.csv,2014,Arthur Lynch,,no confident match (NFL_id=N/A),
2014.csv,2014,Trey Millard,,no confident match (NFL_id=N/A),
2014.csv,2014,Aaron Murray,,no confident match (NFL_id=N/A),
2014.csv,2014,Kaleb Ramsey,,no confident match (NFL_id=N/A),
2014.csv,2014,Tevin Reese,,no confident match (NFL_id=N/A),
2014.csv,2014,Cyril Richardson,,no confident match (NFL_id=N/A),
2014.csv,2014,Michael Sam,,no confident match (NFL_id=N/A),
2014.csv,2014,Lache Seastrunk,,no confident match (NFL_id=N/A),
2014.csv,2014,Yawin Smallwood,,no confident match (NFL_id=N/A),
2014.csv,2014,Brandon Thomas,,no confident match (NFL_id=N/A),
2014.csv,2014,Jemea Thomas,,no confident match (NFL_id=N/A),
2014.csv,2014,Keith Wenning,,no confident match (NFL_id=N/A),
2014.csv,2014,Lavelle Westbrooks,,no confident match (NFL_id=N/A),
2014.csv,2014,David Yankey,,no confident match (NFL_id=N/A),
2014.csv,2014,Jordan Zumwalt,,no confident match (NFL_id=N/A),
2015.csv,2015,Rory Anderson,,no confident match (NFL_id=N/A),
2015.csv,2015,Kenny Bell,,no confident match (NFL_id=N/A),
2015.csv,2015,Mike Bennett,,no confident match (NFL_id=N/A),
2015.csv,2015,Da'Ron Brown,,no confident match (NFL_id=N/A),
2015.csv,2015,Trenton Brown,,no confident match (NFL_id=N/A),
2015.csv,2015,Alex Carter,,no confident match (NFL_id=N/A),
2015.csv,2015,T.J. Clemmings,,no confident match (NFL_id=N/A),
2015.csv,2015,Xzavier Dickson,,no confident match (NFL_id=N/A),
2015.csv,2015,Andrew Donnal,,no confident match (NFL_id=N/A),
2015.csv,2015,B.J. Dubose,,no confident match (NFL_id=N/A),
2015.csv,2015,Alvin Dupree,,no confident match (NFL_id=N/A),
2015.csv,2015,Ifo Ekpre-Olomu,,no confident match (NFL_id=N/A),
2015.csv,2015,Tayo Fabuluje,,no confident match (NFL_id=N/A),
2015.csv,2015,Laurence Gibson,,no confident match (NFL_id=N/A),
2015.csv,2015,Senquez Golson,,no confident match (NFL_id=N/A),
2015.csv,2015,Doran Grant,,no confident match (NFL_id=N/A),
2015.csv,2015,Garrett Grayson,,no confident match (NFL_id=N/A),
2015.csv,2015,Marcus Hardison,,no confident match (NFL_id=N/A),
2015.csv,2015,Jarvis Harrison,,no confident match (NFL_id=N/A),
2015.csv,2015,Amarlo Herrera,,no confident match (NFL_id=N/A),
2015.csv,2015,Kenny Hilliard,,no confident match (NFL_id=N/A),
2015.csv,2015,Gerod Holliman,,no confident match (NFL_id=N/A),
2015.csv,2015,Martin Ifedi,,no confident match (NFL_id=N/A),
2015.csv,2015,Tre Jackson,,no confident match (NFL_id=N/A),
2015.csv,2015,Robert Myers,,no confident match (NFL_id=N/A),
2015.csv,2015,Owamagbe Odighizuwa,,no confident match (NFL_id=N/A),
2015.csv,2015,Terry Poole,,no confident match (NFL_id=N/A),
2015.csv,2015,Jeremiah Poutasi,,no confident match (NFL_id=N/A),
2015.csv,2015,Austin Shepherd,,no confident match (NFL_id=N/A),
2015.csv,2015,Tyrus Thompson,,no confident match (NFL_id=N/A),
2015.csv,2015,Davis Tull,,no confident match (NFL_id=N/A),
2015.csv,2015,Max Valles,,no confident match (NFL_id=N/A),
2015.csv,2015,Leterrius Walton,,no confident match (NFL_id=N/A),
2016.csv,2016,Vadal Alexander,,no confident match (NFL_id=N/A),
2016.csv,2016,Willie Beavers,,no confident match (NFL_id=N/A),
2016.csv,2016,Le'Raven Clark,,no confident match (NFL_id=N/A),
2016.csv,2016,Fahn Cooper,,no confident match (NFL_id=N/A),
2016.csv,2016,Joe Dahl,,no confident match (NFL_id=N/A),
2016.csv,2016,Steven Daniels,,no confident match (NFL_id=N/A),
2016.csv,2016,Brandon Doughty,,no confident match (NFL_id=N/A),
2016.csv,2016,Thomas Duarte,,no confident match (NFL_id=N/A),
2016.csv,2016,Parker Ehinger,,no confident match (NFL_id=N/A),
2016.csv,2016,Travis Feeney,,no confident match (NFL_id=N/A),
2016.csv,2016,Will Fuller,,no confident match (NFL_id=N/A),
2016.csv,2016,Joshua Garnett,,no confident match (NFL_id=N/A),
2016.csv,2016,Christian Hackenberg,,no confident match (NFL_id=N/A),
2016.csv,2016,Jerald Hawkins,,no confident match (NFL_id=N/A),
2016.csv,2016,Matt Judon,,no confident match (NFL_id=N/A),
2016.csv,2016,Jimmy Landes,,no confident match (NFL_id=N/A),
2016.csv,2016,Kenny Lawler,,no confident match (NFL_id=N/A),
2016.csv,2016,Kolby Listenbee,,no confident match (NFL_id=N/A),
2016.csv,2016,Keith Marshall,,no confident match (NFL_id=N/A),
2016.csv,2016,Alex McCalister,,no confident match (NFL_id=N/A),
2016.csv,2016,Dadi Nicolas,,no confident match (NFL_id=N/A),
2016.csv,2016,Rees Odhiambo,,no confident match (NFL_id=N/A),
2016.csv,2016,Beau Sandland,,no confident match (NFL_id=N/A),
2016.csv,2016,Kelvin Taylor,,no confident match (NFL_id=N/A),
2016.csv,2016,John Theus,,no confident match (NFL_id=N/A),
2016.csv,2016,Cole Toner,,no confident match (NFL_id=N/A),
2016.csv,2016,Sebastian Tretola,,no confident match (NFL_id=N/A),
2016.csv,2016,Max Tuerk,,no confident match (NFL_id=N/A),
2016.csv,2016,Dan Vitale,,no confident match (NFL_id=N/A),
2016.csv,2016,Christian Westerman,,no confident match (NFL_id=N/A),
2017.csv,2017,Rodney Adams,,no confident match (NFL_id=N/A),
2017.csv,2017,Isaac Asiata,,no confident match (NFL_id=N/A),
2017.csv,2017,Zach Banner,,no confident match (NFL_id=N/A),
2017.csv,2017,Adam Bisnowaty,,no confident match (NFL_id=N/A),
2017.csv,2017,Josh Carraway,,no confident match (NFL_id=N/A),
2017.csv,2017,Matthew Dayes,,no confident match (NFL_id=N/A),
2017.csv,2017,J.J. Dielman,,no confident match (NFL_id=N/A),
2017.csv,2017,Malachi Dupre,,no confident match (NFL_id=N/A),
2017.csv,2017,Dan Feeney,,no confident match (NFL_id=N/A),
2017.csv,2017,Antonio Garcia,,no confident match (NFL_id=N/A),
2017.csv,2017,Davon Gaudchaux,,no confident match (NFL_id=N/A),
2017.csv,2017,Sean Harlow,,no confident match (NFL_id=N/A),
2017.csv,2017,Carlos Henderson,,no confident match (NFL_id=N/A),
2017.csv,2017,Delano Hill,,no confident match (NFL_id=N/A),
2017.csv,2017,Bucky Hodges,,no confident match (NFL_id=N/A),
2017.csv,2017,Elijah Hood,,no confident match (NFL_id=N/A),
2017.csv,2017,Dorian Johnson,,no confident match (NFL_id=N/A),
2017.csv,2017,Roderick Johnson,,no confident match (NFL_id=N/A),
2017.csv,2017,Brad Kaaya,,no confident match (NFL_id=N/A),
2017.csv,2017,Forrest Lamp,,no confident match (NFL_id=N/A),
2017.csv,2017,Takkarist McKinley,,no confident match (NFL_id=N/A),
2017.csv,2017,Jordan Morgan,,no confident match (NFL_id=N/A),
2017.csv,2017,Ejuan Price,,no confident match (NFL_id=N/A),
2017.csv,2017,Donnel Pumphrey,,no confident match (NFL_id=N/A),
2017.csv,2017,Justin Senior,,no confident match (NFL_id=N/A),
2017.csv,2017,Nico Siragusa,,no confident match (NFL_id=N/A),
2017.csv,2017,Jack Tocho,,no confident match (NFL_id=N/A),
2017.csv,2017,Stevie Tu'Ikolovatu,,no confident match (NFL_id=N/A),
2017.csv,2017,Michael Tyson,,no confident match (NFL_id=N/A),
2017.csv,2017,Marquez White,,no confident match (NFL_id=N/A),
2017.csv,2017,Joe Williams,,no confident match (NFL_id=N/A),
2017.csv,2017,Howard Wilson,,no confident match (NFL_id=N/A),
2018.csv,2018,Ade Aruna,,no confident match (NFL_id=N/A),
2018.csv,2018,Dylan Cantrell,,no confident match (NFL_id=N/A),
2018.csv,2018,Tyrell Crosby,,no confident match (NFL_id=N/A),
2018.csv,2018,Jamil Demby,,no confident match (NFL_id=N/A),
2018.csv,2018,Danny Etling,,no confident match (NFL_id=N/A),
2018.csv,2018,Joshua Frazier,,no confident match (NFL_id=N/A),
2018.csv,2018,Jamarco Jones,,no confident match (NFL_id=N/A),
2018.csv,2018,Sam Jones,,no confident match (NFL_id=N/A),
2018.csv,2018,Jordan Lasley,,no confident match (NFL_id=N/A),
2018.csv,2018,Tanner Lee,,no confident match (NFL_id=N/A),
2018.csv,2018,Darius Leonard,,no confident match (NFL_id=N/A),
2018.csv,2018,Rick Leonard,,no confident match (NFL_id=N/A),
2018.csv,2018,James Looney,,no confident match (NFL_id=N/A),
2018.csv,2018,Cole Madison,,no confident match (NFL_id=N/A),
2018.csv,2018,Kamrin Moore,,no confident match (NFL_id=N/A),
2018.csv,2018,Kendrick Norton,,no confident match (NFL_id=N/A),
2018.csv,2018,Ogbonnia Okoronkwo,,no confident match (NFL_id=N/A),
2018.csv,2018,Scott Quessenberry,,no confident match (NFL_id=N/A),
2018.csv,2018,Christian Sam,,no confident match (NFL_id=N/A),
2018.csv,2018,Greg Senat,,no confident match (NFL_id=N/A),
2018.csv,2018,Rod Taylor,,no confident match (NFL_id=N/A),
2018.csv,2018,Azeem Victor,,no confident match (NFL_id=N/A),
2018.csv,2018,Trevon Young,,no confident match (NFL_id=N/A),
2019.csv,2019,Rodney Anderson,,no confident match (NFL_id=N/A),
2019.csv,2019,Blessuan Austin,,no confident match (NFL_id=N/A),
2019.csv,2019,Terry Beckner,,no confident match (NFL_id=N/A),
2019.csv,2019,Marquise Brown,,no confident match (NFL_id=N/A),
2019.csv,2019,Sean Bunting,,no confident match (NFL_id=N/A),
2019.csv,2019,Hakeem Butler,,no confident match (NFL_id=N/A),
2019.csv,2019,Demarcus Christmas,,no confident match (NFL_id=N/A),
2019.csv,2019,Deshaun Davis,,no confident match (NFL_id=N/A),
2019.csv,2019,Andre Dillard,,no confident match (NFL_id=N/A),
2019.csv,2019,Bobby Evans,,no confident match (NFL_id=N/A),
2019.csv,2019,Lamont Gaillard,,no confident match (NFL_id=N/A),
2019.csv,2019,Chauncey Gardner-Johnson,,no confident match (NFL_id=N/A),
2019.csv,2019,Derwin Gray,,no confident match (NFL_id=N/A),
2019.csv,2019,Gerri Green,,no confident match (NFL_id=N/A),
2019.csv,2019,Phil Haynes,,no confident match (NFL_id=N/A),
2019.csv,2019,Tytus Howard,,no confident match (NFL_id=N/A),
2019.csv,2019,Jalen Hurd,,no confident match (NFL_id=N/A),
2019.csv,2019,Jalen Jelks,,no confident match (NFL_id=N/A),
2019.csv,2019,Gary Jennings,,no confident match (NFL_id=N/A),
2019.csv,2019,Michael Jordan,,no confident match (NFL_id=N/A),
2019.csv,2019,Vosean Joseph,,no confident match (NFL_id=N/A),
2019.csv,2019,Iman Lewis-Marshall,,no confident match (NFL_id=N/A),
2019.csv,2019,Bryce Love,,no confident match (NFL_id=N/A),
2019.csv,2019,Alize Mack,,no confident match (NFL_id=N/A),
2019.csv,2019,Daylon Mack,,no confident match (NFL_id=N/A),
2019.csv,2019,Joshua Miles,,no confident match (NFL_id=N/A),
2019.csv,2019,Shareef Miller,,no confident match (NFL_id=N/A),
2019.csv,2019,Dillon Mitchell,,no confident match (NFL_id=N/A),
2019.csv,2019,Javon Patterson,,no confident match (NFL_id=N/A),
2019.csv,2019,Ross Pierschbacher,,no confident match (NFL_id=N/A),
2019.csv,2019,Isaiah Prince,,no confident match (NFL_id=N/A),
2019.csv,2019,Chris Slayton,,no confident match (NFL_id=N/A),
2019.csv,2019,Clayton Thorson,,no confident match (NFL_id=N/A),
2019.csv,2019,D'Andre Walker,,no confident match (NFL_id=N/A),
2019.csv,2019,Mike Weber,,no confident match (NFL_id=N/A),
2019.csv,2019,Caleb Wilson,,no confident match (NFL_id=N/A),
2020.csv,2020,Hakeem Adeniji,,no confident match (NFL_id=N/A),
2020.csv,2020,Ben Bredeson,,no confident match (NFL_id=N/A),
2020.csv,2020,Cameron Brown,,no confident match (NFL_id=N/A),
2020.csv,2020,Saahdiq Charles,,no confident match (NFL_id=N/A),
2020.csv,2020,Cameron Clark,,no confident match (NFL_id=N/A),
2020.csv,2020,Isaiah Coulter,,no confident match (NFL_id=N/A),
2020.csv,2020,Kamren Curl,,no confident match (NFL_id=N/A),
2020.csv,2020,Lloyd Cushenberry,,no confident match (NFL_id=N/A),
2020.csv,2020,Gabriel Davis,,no confident match (NFL_id=N/A),
2020.csv,2020,Jake Hanson,,no confident match (NFL_id=N/A),
2020.csv,2020,Matt Hennessy,,no confident match (NFL_id=N/A),
2020.csv,2020,Brian Cole II,,no confident match (NFL_id=N/A),
2020.csv,2020,Joshua Jones,,no confident match (NFL_id=N/A),
2020.csv,2020,Solomon Kindley,,no confident match (NFL_id=N/A),
2020.csv,2020,Shane Lemieux,,no confident match (NFL_id=N/A),
2020.csv,2020,Justin Madubuike,,no confident match (NFL_id=N/A),
2020.csv,2020,Cole McDonald,,no confident match (NFL_id=N/A),
2020.csv,2020,James Morgan,,no confident match (NFL_id=N/A),
2020.csv,2020,Tyre Phillips,,no confident match (NFL_id=N/A),
2020.csv,2020,Shaquille Quarterman,,no confident match (NFL_id=N/A),
2020.csv,2020,Nate Stanley,,no confident match (NFL_id=N/A),
2020.csv,2020,Logan Stenberg,,no confident match (NFL_id=N/A),
2020.csv,2020,Simon Stepaniak,,no confident match (NFL_id=N/A),
2020.csv,2020,Josh Uche,,no confident match (NFL_id=N/A),
2020.csv,2020,Prince Tega Wanogho,,no confident match (NFL_id=N/A),
2020.csv,2020,Evan Weaver,,no confident match (NFL_id=N/A),
2020.csv,2020,Isaiah Wilson,,no confident match (NFL_id=N/A),
2021.csv,2021,Jack Anderson,,no confident match (NFL_id=N/A),
2021.csv,2021,Josh Ball,,no confident match (NFL_id=N/A),
2021.csv,2021,Carlos Basham,,no confident match (NFL_id=N/A),
2021.csv,2021,Deonte Brown,,no confident match (NFL_id=N/A),
2021.csv,2021,Camryn Bynum,,no confident match (NFL_id=N/A),
2021.csv,2021,Ben Cleveland,,no confident match (NFL_id=N/A),
2021.csv,2021,Samuel Cosmi,,no confident match (NFL_id=N/A),
2021.csv,2021,Wyatt Davis,,no confident match (NFL_id=N/A),
2021.csv,2021,D'Wayne Eskridge,,no confident match (NFL_id=N/A),
2021.csv,2021,Daelin Hayes,,no confident match (NFL_id=N/A),
2021.csv,2021,Trey Hill,,no confident match (NFL_id=N/A),
2021.csv,2021,Wyatt Hubert,,no confident match (NFL_id=N/A),
2021.csv,2021,Brenden Jaimes,,no confident match (NFL_id=N/A),
2021.csv,2021,Cole Van Lanen,,no confident match (NFL_id=N/A),
2021.csv,2021,Walker Little,,no confident match (NFL_id=N/A),
2021.csv,2021,Jimmy Morrissey,,no confident match (NFL_id=N/A),
2021.csv,2021,Tre Nixon,,no confident match (NFL_id=N/A),
2021.csv,2021,Jayson Oweh,,no confident match (NFL_id=N/A),
2021.csv,2021,Cornell Powell,,no confident match (NFL_id=N/A),
2021.csv,2021,Gregory Rousseau,,no confident match (NFL_id=N/A),
2021.csv,2021,William Sherman,,no confident match (NFL_id=N/A),
2021.csv,2021,Tedarrell Slaton,,no confident match (NFL_id=N/A),
2021.csv,2021,Joe Tryon,,no confident match (NFL_id=N/A),
2021.csv,2021,Jaylen Twyman,,no confident match (NFL_id=N/A),
2021.csv,2021,Landon Young,,no confident match (NFL_id=N/A),
2022.csv,2022,Kalon Barnes,,no confident match (NFL_id=N/A),
2022.csv,2022,Darrian Beavers,,no confident match (NFL_id=N/A),
2022.csv,2022,Logan Bruss,,no confident match (NFL_id=N/A),
2022.csv,2022,Ja'Tyre Carter,,no confident match (NFL_id=N/A),
2022.csv,2022,Tykevious Chandler,,no confident match (NFL_id=N/A),
2022.csv,2022,Matt Corral,,no confident match (NFL_id=N/A),
2022.csv,2022,Charles Cross,,no confident match (NFL_id=N/A),
2022.csv,2022,Dawson Deaton,,no confident match (NFL_id=N/A),
2022.csv,2022,Daniel Faalele,,no confident match (NFL_id=N/A),
2022.csv,2022,Ahmad Gardner,,no confident match (NFL_id=N/A),
2022.csv,2022,Jeffrey Gunter,,no confident match (NFL_id=N/A),
2022.csv,2022,Daxton Hill,,no confident match (NFL_id=N/A),
2022.csv,2022,Chasen Hines,,no confident match (NFL_id=N/A),
2022.csv,2022,Zion Johnson,,no confident match (NFL_id=N/A),
2022.csv,2022,Cameron Jurgens,,no confident match (NFL_id=N/A),
2022.csv,2022,Darian Kinnard,,no confident match (NFL_id=N/A),
2022.csv,2022,Marcus McKethan,,no confident match (NFL_id=N/A),
2022.csv,2022,Max Mitchell,,no confident match (NFL_id=N/A),
2022.csv,2022,Chigoziem Okonkwo,,no confident match (NFL_id=N/A),
2022.csv,2022,Chris Paul,,no confident match (NFL_id=N/A),
2022.csv,2022,Trevor Penning,,no confident match (NFL_id=N/A),
2022.csv,2022,Jamaree Salyer,,no confident match (NFL_id=N/A),
2022.csv,2022,Justin Shaffer,,no confident match (NFL_id=N/A),
2022.csv,2022,Lecitus Smith,,no confident match (NFL_id=N/A),
2022.csv,2022,Andrew Stueber,,no confident match (NFL_id=N/A),
2022.csv,2022,Luke Tenuta,,no confident match (NFL_id=N/A),
2022.csv,2022,Matt Waletzko,,no confident match (NFL_id=N/A),
2022.csv,2022,Mike Woods,,no confident match (NFL_id=N/A),
2022.csv,2022,Tariq Woolen,,no confident match (NFL_id=N/A),
2022.csv,2022,Nick Zakelj,,no confident match (NFL_id=N/A),
2023.csv,2023,Malaesala Aumavae-Laulu,,no confident match (NFL_id=N/A),
2023.csv,2023,Stetson Bennett,,no confident match (NFL_id=N/A),
2023.csv,2023,Julius Brents,,no confident match (NFL_id=N/A),
2023.csv,2023,Nick Broeker,,no confident match (NFL_id=N/A),
2023.csv,2023,Nathaniel Dell,,no confident match (NFL_id=N/A),
2023.csv,2023,Max Duggan,,no confident match (NFL_id=N/A),
2023.csv,2023,Alex Forsyth,,no confident match (NFL_id=N/A),
2023.csv,2023,Blake Freeland,,no confident match (NFL_id=N/A),
2023.csv,2023,Ryan Hayes,,no confident match (NFL_id=N/A),
2023.csv,2023,Brandon Hill,,no confident match (NFL_id=N/A),
2023.csv,2023,Tre'Vius Hodges-Tomlinson,,no confident match (NFL_id=N/A),
2023.csv,2023,Siaki Ika,,no confident match (NFL_id=N/A),
2023.csv,2023,Dawand Jones,,no confident match (NFL_id=N/A),
2023.csv,2023,Paris Johnson Jr.,,no confident match (NFL_id=N/A),
2023.csv,2023,Zack Kuntz,,no confident match (NFL_id=N/A),
2023.csv,2023,Jartavius Martin,,no confident match (NFL_id=N/A),
2023.csv,2023,Warren McClendon,,no confident match (NFL_id=N/A),
2023.csv,2023,Jordan McFadden,,no confident match (NFL_id=N/A),
2023.csv,2023,Christopher Smith,,no confident match (NFL_id=N/A),
2023.csv,2023,Tyler Steen,,no confident match (NFL_id=N/A),
2023.csv,2023,Ricky Stromberg,,no confident match (NFL_id=N/A),
2023.csv,2023,Joe Tippmann,,no confident match (NFL_id=N/A),
2023.csv,2023,O'Cyrus Torrence,,no confident match (NFL_id=N/A),
2023.csv,2023,Andrew Vorhees,,no confident match (NFL_id=N/A),
2024.csv,2024,Joe Alt,,no confident match (NFL_id=N/A),
2024.csv,2024,Michael Barrett,,no confident match (NFL_id=N/A),
2024.csv,2024,Cooper Beebe,,no confident match (NFL_id=N/A),
2024.csv,2024,Troy Fautanu,,no confident match (NFL_id=N/A),
2024.csv,2024,Blake Fisher,,no confident match (NFL_id=N/A),
2024.csv,2024,Javon Foster,,no confident match (NFL_id=N/A),
2024.csv,2024,Delmar Glaze,,no confident match (NFL_id=N/A),
2024.csv,2024,Tylan Grable,,no confident match (NFL_id=N/A),
2024.csv,2024,Tyler Guyton,,no confident match (NFL_id=N/A),
2024.csv,2024,Dominique Hampton,,no confident match (NFL_id=N/A),
2024.csv,2024,Daequan Hardy,,no confident match (NFL_id=N/A),
2024.csv,2024,Christian Haynes,,no confident match (NFL_id=N/A),
2024.csv,2024,LaDarius Henderson,,no confident match (NFL_id=N/A),
2024.csv,2024,Khyree Jackson,,no confident match (NFL_id=N/A),
2024.csv,2024,Cornelius Johnson,,no confident match (NFL_id=N/A),
2024.csv,2024,Michael Hall Jr.,,no confident match (NFL_id=N/A),
2024.csv,2024,Trevor Keegan,,no confident match (NFL_id=N/A),
2024.csv,2024,Jaylen Key,,no confident match (NFL_id=N/A),
2024.csv,2024,Kalen King,,no confident match (NFL_id=N/A),
2024.csv,2024,Jarrett Kingston,,no confident match (NFL_id=N/A),
2024.csv,2024,JC Latham,,no confident match (NFL_id=N/A),
2024.csv,2024,Sataoa Laumea,,no confident match (NFL_id=N/A),
2024.csv,2024,Devin Leary,,no confident match (NFL_id=N/A),
2024.csv,2024,Christian Mahogany,,no confident match (NFL_id=N/A),
2024.csv,2024,Tanner McLachlan,,no confident match (NFL_id=N/A),
2024.csv,2024,Dylan McMahon,,no confident match (NFL_id=N/A),
2024.csv,2024,Jacob Monk,,no confident match (NFL_id=N/A),
2024.csv,2024,Jordan Morgan,,no confident match (NFL_id=N/A),
2024.csv,2024,Hunter Nourzad,,no confident match (NFL_id=N/A),
2024.csv,2024,Patrick Paul,,no confident match (NFL_id=N/A),
2024.csv,2024,Michael Pratt,,no confident match (NFL_id=N/A),
2024.csv,2024,Brenden Rice,,no confident match (NFL_id=N/A),
2024.csv,2024,Layden Robinson,,no confident match (NFL_id=N/A),
2024.csv,2024,Walter Rouse,,no confident match (NFL_id=N/A),
2024.csv,2024,Nick Samac,,no confident match (NFL_id=N/A),
2024.csv,2024,Kingsley Suamataia,,no confident match (NFL_id=N/A),
2024.csv,2024,Jordan Travis,,no confident match (NFL_id=N/A),
2024.csv,2024,Bralen Trice,,no confident match (NFL_id=N/A),
2024.csv,2024,Caedan Wallace,,no confident match (NFL_id=N/A),
2024.csv,2024,Ryan Watts,,no confident match (NFL_id=N/A),
2024.csv,2024,Zak Zinter,,no confident match (NFL_id=N/A),
2025.csv,2025,Tommy Akingbesote,,no confident match (NFL_id=N/A),
2025.csv,2025,Gavin Bartholomew,,no confident match (NFL_id=N/A),
2025.csv,2025,Anthony Belton,,no confident match (NFL_id=N/A),
2025.csv,2025,Tyler Booker,,no confident match (NFL_id=N/A),
2025.csv,2025,Andres Borregales,,no confident match (NFL_id=N/A),
2025.csv,2025,Joshua Conerly,,no confident match (NFL_id=N/A),
2025.csv,2025,Hayden Conner,,no confident match (NFL_id=N/A),
2025.csv,2025,Ajani Cornelius,,no confident match (NFL_id=N/A),
2025.csv,2025,Garrett Dellinger,,no confident match (NFL_id=N/A),
2025.csv,2025,Fadil Diggs,,no confident match (NFL_id=N/A),
2025.csv,2025,Aireontae Ersery,,no confident match (NFL_id=N/A),
2025.csv,2025,Dylan Fairchild,,no confident match (NFL_id=N/A),
2025.csv,2025,Miles Frazier,,no confident match (NFL_id=N/A),
2025.csv,2025,Cleveland Harris,,no confident match (NFL_id=N/A),
2025.csv,2025,Ahmed Hassanein,,no confident match (NFL_id=N/A),
2025.csv,2025,Myles Hinton,,no confident match (NFL_id=N/A),
2025.csv,2025,Will Howard,,no confident match (NFL_id=N/A),
2025.csv,2025,Jarquez Hunter,,no confident match (NFL_id=N/A),
2025.csv,2025,Ricky White III,,no confident match (NFL_id=N/A),
2025.csv,2025,Landon Jackson,,no confident match (NFL_id=N/A),
2025.csv,2025,Jordan James,,no confident match (NFL_id=N/A),
2025.csv,2025,Sai'vion Jones,,no confident match (NFL_id=N/A),
2025.csv,2025,Kelvin Banks Jr.,,no confident match (NFL_id=N/A),
2025.csv,2025,Chris Paul Jr.,,no confident match (NFL_id=N/A),
2025.csv,2025,Drew Kendall,,no confident match (NFL_id=N/A),
2025.csv,2025,Bilhal Kone,,no confident match (NFL_id=N/A),
2025.csv,2025,Luke Lachey,,no confident match (NFL_id=N/A),
2025.csv,2025,Joshua Lane,,no confident match (NFL_id=N/A),
2025.csv,2025,Chase Lundt,,no confident match (NFL_id=N/A),
2025.csv,2025,Nickolas Martin,,no confident match (NFL_id=N/A),
2025.csv,2025,Damien Martinez,,no confident match (NFL_id=N/A),
2025.csv,2025,Francisco Mauigoa,,no confident match (NFL_id=N/A),
2025.csv,2025,Marcus Mbow,,no confident match (NFL_id=N/A),
2025.csv,2025,Kyle McCord,,no confident match (NFL_id=N/A),
2025.csv,2025,Decarrion McWilliams,,no confident match (NFL_id=N/A),
2025.csv,2025,Graham Mertz,,no confident match (NFL_id=N/A),
2025.csv,2025,Wyatt Milum,,no confident match (NFL_id=N/A),
2025.csv,2025,Jonah Monheim,,no confident match (NFL_id=N/A),
2025.csv,2025,Jack Nelson,,no confident match (NFL_id=N/A),
2025.csv,2025,Antwaun Powell-Ryland,,no confident match (NFL_id=N/A),
2025.csv,2025,Kaden Prather,,no confident match (NFL_id=N/A),
2025.csv,2025,Caleb Ransaw,,no confident match (NFL_id=N/A),
2025.csv,2025,Tate Ratledge,,no confident match (NFL_id=N/A),
2025.csv,2025,Kurtis Rourke,,no confident match (NFL_id=N/A),
2025.csv,2025,Jackson Slater,,no confident match (NFL_id=N/A),
2025.csv,2025,Ozzy Trapilo,,no confident match (NFL_id=N/A),
2025.csv,2025,Jalen Travis,,no confident match (NFL_id=N/A),
2025.csv,2025,Justin Walley,,no confident match (NFL_id=N/A),
2025.csv,2025,Cameron Williams,,no confident match (NFL_id=N/A),
2025.csv,2025,Jared Wilson,,no confident match (NFL_id=N/A),
2025.csv,2025,Hunter Wohler,,no confident match (NFL_id=N/A),
