Player,Pos,School,College,Ht,Wt,40yd,Vertical,Bench,Broad Jump,3Cone,Shuttle,Drafted (tm/rnd/yr),Player-additional,NFL_id
Cal Adomitis,LS,Pittsburgh,College Stats,6-2,235,4.97,29.5,18.0,107.0,7.53,4.62,,AdomCa00,4240719
Austin Allen,TE,Nebraska,College Stats,6-8,253,4.83,34.0,,121.0,7.0,4.26,,AlleAu00,N/A
Chase Allen,TE,Iowa St.,College Stats,6-6,251,,33.5,,117.0,7.03,4.43,,AlleCh03,2975680
Christopher Allen,EDGE,Alabama,College Stats,6-4,241,,,,,,,,AlleCh04,N/A
Tyler Allgeier,RB,BYU,College Stats,5-11,224,4.6,33.0,,120.0,,,Atlanta Falcons / 5th / 151st pick / 2022,AllgTy00,4373626
Troy Andersen,LB,Montana St.,,6-4,243,4.42,36.0,,128.0,,,Atlanta Falcons / 2nd / 58th pick / 2022,AndeTr00,4247807
Tycen Anderson,S,Toledo,College Stats,6-2,209,4.36,35.5,,123.0,6.64,4.28,Cincinnati Bengals / 5th / 166th pick / 2022,AndeTy00,4257240
Blaise Andries,OG,Minnesota,,6-6,308,5.1,30.5,,106.0,7.84,4.68,,-9999,N/A
Matt Araiza,P,San Diego St.,College Stats,6-1,200,4.68,32.0,,121.0,,,Buffalo Bills / 6th / 180th pick / 2022,AraiMa00,4361496
Jalyn Armour-Davis,CB,Alabama,College Stats,6-1,197,4.39,34.5,14.0,,,,Baltimore Ravens / 4th / 119th pick / 2022,ArmoJa00,4372017
Brian Asamoah,LB,Oklahoma,College Stats,6-0,226,4.56,36.5,,124.0,,,Minnesota Vikings / 3rd / 66th pick / 2022,AsamBr00,4360255
Calvin Austin,WR,Memphis,College Stats,5-8,170,4.32,39.0,,135.0,6.65,4.07,Pittsburgh Steelers / 4th / 138th pick / 2022,AustCa00,4243389
Tyler Badie,RB,Missouri,College Stats,5-8,197,4.45,33.5,,121.0,,,Baltimore Ravens / 6th / 196th pick / 2022,BadiTy00,4362748
Kalon Barnes,CB,Baylor,College Stats,6-0,183,4.23,,,,,,Carolina Panthers / 7th / 242nd pick / 2022,BarnKa00,N/A
Amaré Barno,EDGE,Virginia Tech,College Stats,6-5,246,4.36,37.0,,131.0,,4.45,Carolina Panthers / 6th / 189th pick / 2022,BarnAm00,4568439
Darrian Beavers,LB,Cincinnati,College Stats,6-4,237,,36.5,,125.0,6.91,,New York Giants / 6th / 182nd pick / 2022,BeavDa00,N/A
Markquese Bell,S,Florida A&M,,6-2,212,4.41,36.5,,123.0,,4.46,,-9999,4241921
David Bell,WR,Purdue,College Stats,6-1,212,4.65,33.0,,118.0,7.14,4.57,Cleveland Browns / 3rd / 99th pick / 2022,BellDa02,4570409
Greg Bell,RB,San Diego St.,College Stats,5-11,201,,31.0,17.0,120.0,,,,BellGr01,N/A
Daniel Bellinger,TE,San Diego St.,College Stats,6-5,253,4.63,34.5,22.0,125.0,7.05,4.47,New York Giants / 4th / 112th pick / 2022,BellDa00,4361516
Dane Belton,S,Iowa,College Stats,6-1,205,4.43,36.5,,123.0,7.01,4.24,New York Giants / 4th / 114th pick / 2022,BeltDa00,4426686
Terrel Bernard,LB,Baylor,College Stats,6-1,224,,35.5,22.0,123.0,7.03,4.25,Buffalo Bills / 3rd / 89th pick / 2022,BernTe00,4259166
Bubba Bolden,S,Miami,College Stats,6-2,209,4.47,,,116.0,,,,BoldBu00,N/A
Slade Bolden,WR,Alabama,College Stats,5-11,193,4.66,32.0,,116.0,,,,BoldSl00,N/A
Nik Bonitto,EDGE,Oklahoma,College Stats,6-3,248,4.54,35.5,,120.0,7.07,4.23,Denver Broncos / 2nd / 64th pick / 2022,BoniNi00,4360259
Thomas Booker,DT,Stanford,College Stats,6-3,301,4.94,,,110.0,7.33,4.41,Houston Texans / 5th / 150th pick / 2022,BookTh00,4360749
Andrew Booth,CB,Clemson,College Stats,6-0,194,,,,,,,Minnesota Vikings / 2nd / 42nd pick / 2022,BootAn00,4426344
Max Borghi,RB,Washington St.,College Stats,5-9,210,,,20.0,,,,,BorgMa00,N/A
Jaquan Brisker,S,Penn St.,College Stats,6-1,199,4.49,34.5,22.0,124.0,,,Chicago Bears / 2nd / 48th pick / 2022,BrisJa01,4570044
Gabe Brkic,K,Oklahoma,College Stats,6-2,197,,,,,,,,BrkiGa00,N/A
Kennedy Brooks,RB,Oklahoma,College Stats,5-11,209,4.59,31.0,,120.0,,,,BrooKe01,N/A
Ben Brown,C,Mississippi,College Stats,6-5,312,,,,,,,,BrowBe01,4362890
Leddie Brown,RB,West Virginia,College Stats,6-0,213,4.64,30.0,,118.0,,,,BrowLe03,N/A
Montaric Brown,CB,Arkansas,College Stats,6-0,196,4.55,,,,,,Jacksonville Jaguars / 7th / 222nd pick / 2022,BrowMo00,4242149
Logan Bruss,OG,Wisconsin,College Stats,6-5,309,5.32,31.0,,112.0,7.57,4.55,Los Angeles Rams / 3rd / 104th pick / 2022,BrusLo00,N/A
Coby Bryant,CB,Cincinnati,College Stats,6-1,193,4.54,,17.0,,,,Seattle Seahawks / 4th / 109th pick / 2022,BryaCo01,4239094
Spencer Burford,OG,Texas-San Antonio,College Stats,6-4,304,5.19,27.5,,105.0,,4.73,San Francisco 49ers / 4th / 134th pick / 2022,BurfSp00,4362999
Treylon Burks,WR,Arkansas,College Stats,6-2,225,4.55,33.0,,122.0,7.28,,Tennessee Titans / 1st / 18th pick / 2022,BurkTr00,4567156
Darien Butler,LB,Arizona St.,College Stats,5-10,221,,,,,7.47,,,ButlDa00,4360466
Matthew Butler,DT,Tennessee,College Stats,6-4,297,5.0,32.0,17.0,112.0,7.89,4.81,Las Vegas Raiders / 5th / 175th pick / 2022,ButlMa02,4242457
Percy Butler,S,Louisiana,College Stats,6-0,194,4.36,31.5,,123.0,,,Washington Commanders / 4th / 113th pick / 2022,ButlPe00,4363097
Grant Calcaterra,TE,SMU,College Stats,6-4,241,4.62,,20.0,,,,Philadelphia Eagles / 6th / 198th pick / 2022,CalcGr00,4241374
Jake Camarda,P,Georgia,College Stats,6-1,193,4.56,,,,,,Tampa Bay Buccaneers / 4th / 133rd pick / 2022,CamaJa00,4379396
Chance Campbell,LB,Mississippi,College Stats,6-2,232,4.57,39.5,,127.0,,,Tennessee Titans / 6th / 219th pick / 2022,CampCh02,4372051
Ja'Tyre Carter,OG,Southern,,6-3,311,5.13,30.0,,108.0,7.84,4.9,Chicago Bears / 7th / 226th pick / 2022,CartJa04,N/A
Zachary Carter,DE,Florida,College Stats,6-4,282,4.99,27.5,19.0,110.0,,,Cincinnati Bengals / 3rd / 95th pick / 2022,CartZa00,4240619
Tariq Castro-Fields,CB,Penn St.,College Stats,6-1,197,4.38,,,,,,San Francisco 49ers / 6th / 221st pick / 2022,CastTa00,4259590
Tykevious Chandler,RB,North Carolina,College Stats,5-11,204,4.38,31.0,,121.0,,,Minnesota Vikings / 5th / 169th pick / 2022,ChanTy01,N/A
Leo Chenal,LB,Wisconsin,College Stats,6-3,250,4.53,40.5,,128.0,,,Kansas City Chiefs / 3rd / 103rd pick / 2022,ChenLe00,4426901
Lewis Cine,S,Georgia,College Stats,6-2,199,4.37,36.5,,133.0,,,Minnesota Vikings / 1st / 32nd pick / 2022,CineLe00,4426536
Damone Clark,LB,LSU,College Stats,6-3,239,4.57,36.5,,127.0,7.12,,Dallas Cowboys / 5th / 176th pick / 2022,ClarDa02,4362636
Micheal Clemons,DE,Texas A&M,College Stats,6-5,263,,,24.0,116.0,,,New York Jets / 4th / 117th pick / 2022,ClemMi03,4240896
Jack Coan,QB,Notre Dame,College Stats,6-3,218,4.9,33.0,,115.0,6.95,4.39,,CoanJa00,N/A
Qwynnterrio Cole,S,Louisville,College Stats,6-0,206,,,16.0,,,,,-9999,N/A
Snoop Conner,RB,Mississippi,College Stats,5-10,222,4.59,29.5,25.0,118.0,,,Jacksonville Jaguars / 5th / 154th pick / 2022,ConnSn00,4567246
Bryan Cook,S,Cincinnati,College Stats,6-1,206,,,,,,,Kansas City Chiefs / 2nd / 62nd pick / 2022,CookBr02,4247726
James Cook,RB,Georgia,College Stats,5-11,199,4.42,33.0,,124.0,,,Buffalo Bills / 2nd / 63rd pick / 2022,CookJa01,4379399
Jashaun Corbin,RB,Florida St.,College Stats,5-11,202,,,,,,,,CorbJa01,4372519
Yusuf Corker,S,Kentucky,College Stats,6-0,203,,,23.0,,,,,CorkYu00,N/A
Matt Corral,QB,Mississippi,College Stats,6-2,212,,,,,,,Carolina Panthers / 3rd / 94th pick / 2022,CorrMa00,N/A
Charles Cross,OT,Mississippi St.,College Stats,6-5,307,4.95,26.0,,112.0,7.88,4.61,Seattle Seahawks / 1st / 9th pick / 2022,CrosCh00,N/A
Nick Cross,S,Maryland,College Stats,6-0,212,4.34,37.0,,130.0,,,Indianapolis Colts / 3rd / 96th pick / 2022,CrosNi00,4426403
Dustin Crum,QB,Kent St.,College Stats,6-1,210,4.75,32.5,,120.0,,4.36,,CrumDu00,N/A
Myron Cunningham,OT,Arkansas,College Stats,6-5,320,5.38,20.0,,98.0,8.5,5.16,,CunnMy00,N/A
DJ Davidson,DT,Arizona St.,College Stats,6-3,327,,28.0,23.0,,7.85,4.72,New York Giants / 5th / 147th pick / 2022,DaviDJ00,4242899
Jordan Davis,DT,Georgia,College Stats,6-6,341,4.78,32.0,,123.0,,,Philadelphia Eagles / 1st / 13th pick / 2022,DaviJo03,4381558
Kalia Davis,DT,Central Florida,College Stats,6-1,302,,,,,,,San Francisco 49ers / 6th / 220th pick / 2022,DaviKa01,4243541
Tyrion Davis-Price,RB,LSU,College Stats,6-0,211,4.48,30.0,,117.0,,,San Francisco 49ers / 3rd / 93rd pick / 2022,DaviTy03,4426475
Nakobe Dean,LB,Georgia,College Stats,5-11,229,,,,,,,Philadelphia Eagles / 3rd / 83rd pick / 2022,DeanNa00,4426340
Dawson Deaton,C,Texas Tech,College Stats,6-6,306,5.12,29.0,24.0,108.0,7.52,4.49,Cleveland Browns / 7th / 246th pick / 2022,DeatDa00,N/A
Austin Deculus,OT,LSU,College Stats,6-5,321,5.08,28.5,,109.0,,4.99,Houston Texans / 6th / 205th pick / 2022,DecuAu00,4242229
Cameron Dicker,K,Texas,College Stats,6-1,220,,,,,,,,DickCa00,4362081
Kellen Diesch,OT,Arizona St.,College Stats,6-7,301,4.89,32.5,,110.0,7.77,4.43,,DiesKe00,N/A
Dai'Jean Dixon,WR,Nicholls St.,,6-3,205,4.62,34.0,,125.0,7.28,4.42,,-9999,N/A
JoJo Domann,LB,Nebraska,College Stats,6-1,228,4.62,34.5,,119.0,,,,DomaJo00,4034841
Jahan Dotson,WR,Penn St.,College Stats,5-11,178,4.43,36.0,,121.0,7.28,,Washington Commanders / 1st / 16th pick / 2022,DotsJa00,4361409
Romeo Doubs,WR,Nevada,College Stats,6-2,201,,,,,,,Green Bay Packers / 4th / 132nd pick / 2022,DoubRo00,4361432
Dontario Drummond,WR,Mississippi,College Stats,6-1,215,4.65,34.0,,122.0,,,,DrumDo00,N/A
Greg Dulcich,TE,UCLA,College Stats,6-4,243,4.69,34.0,16.0,122.0,7.05,4.37,Denver Broncos / 3rd / 80th pick / 2022,DulcGr00,4367209
William Dunkle,OG,San Diego St.,College Stats,6-5,328,5.44,26.0,25.0,95.0,7.97,4.91,,DunkWi00,N/A
Cobie Durant,CB,South Carolina St.,,5-10,180,4.38,,,,,,Los Angeles Rams / 4th / 142nd pick / 2022,DuraDe01,4384549
Jerrion Ealy,RB,Mississippi,College Stats,5-8,189,4.52,34.5,,128.0,,,,EalyJe00,N/A
Arnold Ebiketie,EDGE,Penn St.,College Stats,6-2,250,,38.0,21.0,128.0,,,Atlanta Falcons / 2nd / 38th pick / 2022,EbikAr00,4257591
Trestan Ebner,RB,Baylor,College Stats,5-11,206,4.43,30.0,,,,,Chicago Bears / 6th / 203rd pick / 2022,EbneTr00,4259169
Ikem Ekwonu,OT,North Carolina St.,College Stats,6-4,310,4.93,29.0,,108.0,7.82,4.73,Carolina Panthers / 1st / 6th pick / 2022,EkwoIk00,4427132
Kaiir Elam,CB,Florida,College Stats,6-2,191,4.39,,,,,,Buffalo Bills / 1st / 23rd pick / 2022,ElamKa00,4567399
Kaleb Eleby,QB,Western Michigan,College Stats,6-1,208,,25.5,,111.0,7.57,,,ElebKa00,N/A
Noah Elliss,DT,Idaho,,6-4,346,5.66,,,,,,,-9999,N/A
Martin Emerson,CB,Mississippi St.,College Stats,6-2,201,4.53,,,,,,Cleveland Browns / 3rd / 68th pick / 2022,EmerMa00,4429568
Kingsley Enagbare,DE,South Carolina,College Stats,6-4,258,4.87,36.5,,117.0,,,Green Bay Packers / 5th / 179th pick / 2022,EnagKi00,4362840
Akayleb Evans,CB,Missouri,College Stats,6-2,197,4.46,36.0,,129.0,,,Minnesota Vikings / 4th / 118th pick / 2022,EvanAk00,4244607
Obinna Eze,OT,TCU,College Stats,6-7,321,5.17,27.5,18.0,104.0,8.2,5.08,,EzexOb00,N/A
Joshua Ezeudu,OG,North Carolina,College Stats,6-4,308,5.19,28.5,,105.0,7.83,4.56,New York Giants / 3rd / 67th pick / 2022,EzeuJo00,4373280
Erik Ezukanma,WR,Texas Tech,College Stats,6-2,209,,36.5,,126.0,,4.38,Miami Dolphins / 4th / 125th pick / 2022,EzukEr00,4362186
Daniel Faalele,OT,Minnesota,College Stats,6-8,384,,,24.0,,,,Baltimore Ravens / 4th / 110th pick / 2022,FaalDa00,N/A
Neil Farrell,DT,LSU,College Stats,6-4,330,5.41,21.5,,,8.41,,Las Vegas Raiders / 4th / 126th pick / 2022,FarrNe00,4242234
Jake Ferguson,TE,Wisconsin,College Stats,6-5,250,4.81,31.5,15.0,118.0,7.03,4.48,Dallas Cowboys / 4th / 129th pick / 2022,FergJa00,4242355
DaMarcus Fields,CB,Texas Tech,College Stats,6-0,193,4.48,34.5,,,,,,FielDa02,N/A
Cordale Flott,CB,LSU,College Stats,6-1,175,,,,,,,New York Giants / 3rd / 81st pick / 2022,FlotCo00,4429607
Jerome Ford,RB,Cincinnati,College Stats,5-11,210,4.46,31.0,,118.0,,,Cleveland Browns / 5th / 156th pick / 2022,FordJe00,4372019
Jonathan Ford,DT,Miami,College Stats,6-5,333,,29.0,,102.0,,,Green Bay Packers / 7th / 234th pick / 2022,FordJo00,4259762
Luke Fortner,C,Kentucky,College Stats,6-4,307,5.21,24.0,,102.0,7.75,4.95,Jacksonville Jaguars / 3rd / 65th pick / 2022,FortLu01,4035048
Ty Fryfogle,WR,Indiana,College Stats,6-1,204,4.53,39.0,,127.0,,,,FryfTy00,N/A
Ahmad Gardner,CB,Cincinnati,College Stats,6-3,190,4.41,,,,,,New York Jets / 1st / 4th pick / 2022,GardSa00,N/A
Haskell Garrett,DT,Ohio St.,College Stats,6-2,300,5.07,24.0,,,,,,GarrHa00,N/A
Jeremiah Gemmel,LB,North Carolina,College Stats,6-1,226,,,,,,,,GemmJe00,N/A
Trenton Gill,P,North Carolina St.,College Stats,6-4,220,,,,,,,Chicago Bears / 7th / 255th pick / 2022,GillTr01,4240128
Luke Goedeke,OG,Central Michigan,College Stats,6-5,312,,,26.0,,,,Tampa Bay Buccaneers / 2nd / 57th pick / 2022,GoedLu00,4380507
Mario Goodrich,CB,Clemson,College Stats,6-0,176,4.52,,,,,,,GoodMa02,4360318
Tyler Goodson,RB,Iowa,College Stats,5-9,197,4.42,36.5,,123.0,,,,GoodTy00,4429676
Kyler Gordon,CB,Washington,College Stats,6-0,194,4.52,,,,,,Chicago Bears / 2nd / 39th pick / 2022,GordKy00,4361093
Isaiah Graham-Mobley,LB,Boston Col.,College Stats,6-1,230,4.63,34.5,,124.0,,,,GrahIs00,N/A
Danny Gray,WR,SMU,College Stats,6-0,186,4.33,34.0,,126.0,,,San Francisco 49ers / 3rd / 105th pick / 2022,GrayDa02,4689546
Vincent Gray,CB,Michigan,College Stats,6-2,192,4.54,,,,,,,GrayVi00,4372074
Kenyon Green,OG,Texas A&M,College Stats,6-4,323,5.24,26.0,20.0,102.0,,5.12,Houston Texans / 1st / 15th pick / 2022,GreeKe03,4426327
Jeffrey Gunter,EDGE,Coastal Carolina,College Stats,6-4,258,4.7,35.5,,122.0,7.21,4.35,Cincinnati Bengals / 7th / 252nd pick / 2022,GuntJe01,N/A
Breece Hall,RB,Iowa St.,College Stats,5-11,217,4.39,40.0,,126.0,,,New York Jets / 2nd / 36th pick / 2022,HallBr03,4427366
Jeremiah Hall,TE,Oklahoma,College Stats,6-2,239,4.96,29.0,19.0,111.0,7.43,4.62,,HallJe00,N/A
Logan Hall,DE,Houston,College Stats,6-6,283,4.88,30.0,,,7.25,4.44,Tampa Bay Buccaneers / 2nd / 33rd pick / 2022,HallLo00,4360189
Kyle Hamilton,S,Notre Dame,College Stats,6-4,220,4.59,38.0,,131.0,6.9,4.32,Baltimore Ravens / 1st / 14th pick / 2022,HamiKy00,4575517
Jake Hansen,LB,Illinois,College Stats,6-1,238,,,21.0,,,,,HansJa02,4033812
Aaron Hansford,LB,Texas A&M,College Stats,6-2,239,,,24.0,,,,,HansAa00,N/A
Christian Harris,LB,Alabama,College Stats,6-1,226,4.44,34.5,,132.0,,,Houston Texans / 3rd / 75th pick / 2022,HarrCh06,4567099
Kevin Harris,RB,South Carolina,College Stats,5-10,221,,38.5,21.0,126.0,,,New England Patriots / 6th / 183rd pick / 2022,HarrKe01,4570674
Kolby Harvell-Peel,S,Oklahoma St.,College Stats,6-0,213,,,21.0,,,,,HarvKo00,N/A
Hassan Haskins,RB,Michigan,College Stats,6-2,228,,,27.0,,,,Tennessee Titans / 4th / 131st pick / 2022,HaskHa00,4372071
Blake Hayes,P,Illinois,College Stats,6-4,226,,,,,,,,HayeBl00,N/A
Marquis Hayes,OG,Oklahoma,College Stats,6-5,318,5.3,23.5,,102.0,,,Arizona Cardinals / 7th / 257th pick / 2022,HayeMa00,3115456
Peyton Hendershot,TE,Indiana,College Stats,6-4,250,4.8,32.5,,117.0,,4.25,,HendPe01,4258248
Connor Heyward,TE,Michigan St.,College Stats,5-11,233,4.72,32.5,,,,,Pittsburgh Steelers / 6th / 208th pick / 2022,HeywCo00,4241961
Daxton Hill,S,Michigan,College Stats,6-0,191,4.38,33.5,,121.0,6.57,4.06,Cincinnati Bengals / 1st / 31st pick / 2022,HillDa04,N/A
Chasen Hines,C,LSU,College Stats,6-3,327,5.22,30.5,,108.0,,,New England Patriots / 6th / 210th pick / 2022,HineCh00,N/A
Christopher Hinton,DT,Michigan,College Stats,6-4,305,5.28,31.5,,106.0,,,,HintCh01,4426583
Curtis Hodges,TE,Arizona St.,College Stats,6-8,257,4.85,34.5,,117.0,7.14,4.28,,HodgCu00,N/A
Sam Howell,QB,North Carolina,College Stats,6-1,218,,,,,,,Washington Commanders / 5th / 144th pick / 2022,HoweSa00,4426875
Aidan Hutchinson,DE,Michigan,College Stats,6-7,260,4.74,36.0,,117.0,6.73,4.15,Detroit Lions / 1st / 2nd pick / 2022,HutcAi00,4372099
Jermaine Johnson II,DE,Florida St.,College Stats,6-5,254,4.58,32.0,,125.0,,,New York Jets / 1st / 26th pick / 2022,JohnJe07,4567962
Johnny Johnson III,WR,Oregon,College Stats,6-0,197,4.6,32.0,,121.0,7.21,4.54,,JohnJo12,3046292
Verone McKinley III,S,Oregon,College Stats,5-10,198,,35.0,16.0,120.0,,,,McKiVe00,4360692
Ed Ingram,OG,LSU,College Stats,6-3,307,5.02,20.5,,102.0,7.81,4.76,Minnesota Vikings / 2nd / 59th pick / 2022,IngrEd00,4242227
Keaontay Ingram,RB,USC,College Stats,6-0,221,4.53,34.5,,122.0,,,Arizona Cardinals / 6th / 201st pick / 2022,IngrKe01,4362087
D'Marco Jackson,LB,Appalachian St.,College Stats,6-1,233,4.55,33.0,,125.0,,,New Orleans Saints / 5th / 161st pick / 2022,JackDM00,4241007
Drake Jackson,EDGE,USC,College Stats,6-3,254,,36.5,,127.0,,,San Francisco 49ers / 2nd / 61st pick / 2022,JackDr01,4569511
Jordan Jackson,DT,Air Force,College Stats,6-5,294,,,,,,,New Orleans Saints / 6th / 194th pick / 2022,JackJo06,4261090
Joshua Jobe,CB,Alabama,College Stats,6-0,182,,,,,,,,JobeJo00,N/A
Josh Johnson,WR,Tulsa,College Stats,5-11,183,,,14.0,,,,,JohnJo13,4390717
Tyree Johnson,EDGE,Texas A&M,College Stats,6-3,248,,,21.0,,,,,JohnTy04,N/A
Zion Johnson,OG,Boston Col.,College Stats,6-3,312,5.18,32.0,32.0,112.0,7.38,4.46,Los Angeles Chargers / 1st / 17th pick / 2022,JohnZi00,N/A
Braxton Jones,OT,Southern Utah St.,,6-5,310,4.97,25.5,,108.0,,4.84,Chicago Bears / 5th / 168th pick / 2022,JoneBr08,4251007
Jack Jones,CB,Arizona St.,College Stats,5-11,171,4.51,,,,,,New England Patriots / 4th / 121st pick / 2022,JoneJa10,4035686
Marcus Jones,CB,Houston,College Stats,5-8,174,,,,,,,New England Patriots / 3rd / 85th pick / 2022,JoneMa06,4241720
Travis Jones,DT,Connecticut,College Stats,6-4,325,4.92,28.5,,110.0,7.33,4.58,Baltimore Ravens / 3rd / 76th pick / 2022,JoneTr00,4362139
Velus Jones,WR,Tennessee,College Stats,6-0,204,4.31,33.0,,121.0,,,Chicago Bears / 3rd / 71st pick / 2022,JoneVe00,4035693
Kerby Joseph,S,Illinois,College Stats,6-1,203,,38.5,18.0,123.0,,,Detroit Lions / 3rd / 97th pick / 2022,JoseKe03,4360383
Kevin Austin Jr.,WR,Notre Dame,College Stats,6-2,200,4.43,39.0,,132.0,6.71,4.15,,AustKe00,4372758
Reggie Roberson Jr.,WR,SMU,College Stats,5-11,192,,29.0,,114.0,,,,RobeRe00,N/A
Cameron Jurgens,C,Nebraska,College Stats,6-3,303,4.92,,25.0,,,,Philadelphia Eagles / 2nd / 51st pick / 2022,JurgCa01,N/A
George Karlaftis,EDGE,Purdue,College Stats,6-4,266,,38.0,21.0,121.0,,4.36,Kansas City Chiefs / 1st / 30th pick / 2022,KarlGe00,4426659
Cole Kelley,QB,Southeastern Louisiana,,6-7,249,,,,,,,,-9999,N/A
Derion Kendrick,CB,Georgia,College Stats,6-0,194,,,,,,,Los Angeles Rams / 6th / 212th pick / 2022,KendDe00,4360307
D'Eriq King,QB,Miami,College Stats,5-9,196,,,,,,,,KingDE02,N/A
Darian Kinnard,OG,Kentucky,College Stats,6-5,322,5.31,25.0,,99.0,8.11,4.96,Kansas City Chiefs / 5th / 145th pick / 2022,KinnDa00,N/A
Zonovan Knight,RB,North Carolina St.,College Stats,5-11,209,4.58,31.0,,114.0,,,,KnigZo00,N/A
Charlie Kolar,TE,Iowa St.,College Stats,6-7,252,,,,,,,Baltimore Ravens / 4th / 128th pick / 2022,KolaCh00,4241263
Quentin Lake,S,UCLA,College Stats,6-1,201,4.59,,,,,,Los Angeles Rams / 6th / 211th pick / 2022,LakeQu00,4249128
Nate Landman,LB,Colorado,College Stats,6-3,238,4.86,36.5,,119.0,,,,LandNa01,4243181
DeMarvin Leal,DT,Texas A&M,College Stats,6-4,283,5.0,27.5,,106.0,,4.49,Pittsburgh Steelers / 3rd / 84th pick / 2022,LealDe00,4426359
Isaiah Likely,TE,Coastal Carolina,College Stats,6-5,245,,36.0,,,,4.57,Baltimore Ravens / 4th / 139th pick / 2022,LikeIs00,4361050
Tyler Linderbaum,C,Iowa,College Stats,6-2,296,,,,,,,Baltimore Ravens / 1st / 25th pick / 2022,LindTy00,4360499
Alec Lindstrom,C,Boston Col.,College Stats,6-3,296,5.18,29.0,25.0,111.0,7.5,4.66,,LindAl00,N/A
Devin Lloyd,LB,Utah,College Stats,6-3,237,4.66,35.0,25.0,126.0,,,Jacksonville Jaguars / 1st / 27th pick / 2022,LloyDe00,4243256
Drake London,WR,USC,College Stats,6-4,219,,,,,,,Atlanta Falcons / 1st / 8th pick / 2022,LondDr00,4426502
Vederian Lowe,OT,Illinois,College Stats,6-5,314,5.22,25.5,,99.0,7.83,4.71,Minnesota Vikings / 6th / 184th pick / 2022,LoweVe00,4240554
Abraham Lucas,OT,Washington St.,College Stats,6-6,315,4.92,27.0,24.0,107.0,7.25,4.4,Seattle Seahawks / 3rd / 72nd pick / 2022,LucaAb00,4245171
Chase Lucas,CB,Arizona St.,College Stats,5-11,180,4.48,39.0,,128.0,,,Detroit Lions / 7th / 237th pick / 2022,LucaCh01,4047846
Jesse Luketa,LB,Penn St.,College Stats,6-3,253,4.89,37.5,,114.0,,,Arizona Cardinals / 7th / 256th pick / 2022,LukeJe00,4361419
Boye Mafe,EDGE,Minnesota,College Stats,6-4,261,4.53,38.0,,125.0,,,Seattle Seahawks / 2nd / 40th pick / 2022,MafeBo00,4240754
DeAngelo Malone,EDGE,Western Kentucky,College Stats,6-3,243,,,23.0,,,,Atlanta Falcons / 3rd / 82nd pick / 2022,MaloDe00,4243457
Damarri Mathis,CB,Pittsburgh,College Stats,5-11,196,4.39,,,,,,Denver Broncos / 4th / 115th pick / 2022,MathDa00,4240707
Phidarian Mathis,DT,Alabama,College Stats,6-4,310,,23.5,,109.0,,4.91,Washington Commanders / 2nd / 47th pick / 2022,MathPh00,4241468
Cade Mays,OG,Tennessee,College Stats,6-5,311,5.24,26.0,,102.0,7.57,4.71,Carolina Panthers / 6th / 199th pick / 2022,MaysCa00,4361788
Trey McBride,TE,Colorado St.,College Stats,6-4,246,,33.0,18.0,117.0,,,Arizona Cardinals / 2nd / 55th pick / 2022,McBrTr01,4361307
Marquan McCall,DT,Kentucky,College Stats,6-3,342,,,,,,,,McCaMa03,4362615
Zakoby McClain,LB,Auburn,College Stats,5-11,228,4.69,33.0,,117.0,,,,McClZa00,N/A
Zyon McCollum,CB,Sam Houston St.,,6-2,199,4.33,39.5,,132.0,6.48,3.94,Tampa Bay Buccaneers / 5th / 157th pick / 2022,McCoZy02,4250392
Sincere McCormick,RB,Texas-San Antonio,College Stats,5-9,205,4.6,33.5,,116.0,,,,McCoSi00,4430104
Roger McCreary,CB,Auburn,College Stats,5-11,190,4.5,,,,,,Tennessee Titans / 2nd / 35th pick / 2022,McCrRo01,4371973
Trent McDuffie,CB,Washington,College Stats,5-11,193,4.44,,,,,,Kansas City Chiefs / 1st / 21st pick / 2022,McDuTr00,4426405
Micah McFadden,LB,Indiana,College Stats,6-1,240,,,21.0,,,,New York Giants / 5th / 146th pick / 2022,McFaMi01,4371961
Marcus McKethan,OG,North Carolina,College Stats,6-7,340,5.31,27.5,27.0,110.0,7.81,4.99,New York Giants / 5th / 173rd pick / 2022,McKeMa01,N/A
Bo Melton,WR,Rutgers,College Stats,5-11,189,4.34,38.0,,121.0,6.98,,Seattle Seahawks / 7th / 229th pick / 2022,MeltBo00,4259305
John Metchie,WR,Alabama,College Stats,5-11,187,,,,,,,Houston Texans / 2nd / 44th pick / 2022,MetcJo00,4567096
James Mitchell,TE,Virginia Tech,College Stats,6-4,249,,,,,,,Detroit Lions / 5th / 177th pick / 2022,MitcJa00,4361988
Max Mitchell,OT,Louisiana,,6-6,307,5.32,25.0,,106.0,8.09,4.65,New York Jets / 4th / 111th pick / 2022,MitcMa02,N/A
Smoke Monday,S,Auburn,College Stats,6-2,207,4.52,,,124.0,7.0,,,MondSm00,N/A
Jeremiah Moon,LB,Florida,College Stats,6-5,249,4.76,40.5,,133.0,7.09,4.55,,MoonJe00,4034959
Skyy Moore,WR,Western Michigan,College Stats,5-10,195,4.41,34.5,,125.0,7.13,4.32,Kansas City Chiefs / 2nd / 54th pick / 2022,MoorSk01,4430191
Chad Muma,LB,Wyoming,College Stats,6-3,239,4.63,40.0,27.0,129.0,7.06,4.28,Jacksonville Jaguars / 3rd / 70th pick / 2022,MumaCh00,4361707
Thayer Munford,OT,Ohio St.,College Stats,6-6,328,5.39,22.0,,104.0,,,Las Vegas Raiders / 7th / 238th pick / 2022,MunfTh00,4242001
Jalen Nailor,WR,Michigan St.,College Stats,5-11,186,4.5,38.0,,128.0,7.03,4.28,Minnesota Vikings / 6th / 191st pick / 2022,NailJa00,4382466
Evan Neal,OT,Alabama,College Stats,6-8,337,,,,,,,New York Giants / 1st / 7th pick / 2022,NealEv00,4567134
Leon O'Neal,S,Texas A&M,College Stats,6-1,204,,35.0,15.0,125.0,6.89,,,ONeaLe01,N/A
Otito Ogbonnia,DT,UCLA,College Stats,6-4,324,,,29.0,,,,Los Angeles Chargers / 5th / 160th pick / 2022,OgboOt00,4367210
David Ojabo,EDGE,Michigan,College Stats,6-4,250,4.55,35.0,,122.0,,4.45,Baltimore Ravens / 2nd / 45th pick / 2022,OjabDa00,4426507
Chigoziem Okonkwo,TE,Maryland,College Stats,6-3,238,4.52,35.5,,,,,Tennessee Titans / 4th / 143rd pick / 2022,OkonCh00,N/A
Chris Olave,WR,Ohio St.,College Stats,6-0,187,4.39,32.0,,124.0,,,New Orleans Saints / 1st / 11th pick / 2022,OlavCh00,4361370
Esezi Otomewo,DE,Minnesota,College Stats,6-5,282,,,,,,,Minnesota Vikings / 5th / 165th pick / 2022,OtomEs00,4240759
Cade Otton,TE,Washington,College Stats,6-5,247,,,,,,,Tampa Bay Buccaneers / 4th / 106th pick / 2022,OttoCa00,4243331
Isiah Pacheco,RB,Rutgers,College Stats,5-10,216,4.37,33.0,,118.0,,,Kansas City Chiefs / 7th / 251st pick / 2022,PachIs00,4361529
Dylan Parham,OG,Memphis,College Stats,6-3,311,4.93,26.5,,108.0,7.78,4.7,Las Vegas Raiders / 3rd / 90th pick / 2022,ParhDy00,4243375
Joshua Paschal,DE,Kentucky,College Stats,6-3,268,4.77,37.5,,123.0,,,Detroit Lions / 2nd / 46th pick / 2022,PascJo00,4259994
Chris Paul,OG,Tulsa,College Stats,6-4,323,4.89,27.0,,109.0,7.74,4.83,Washington Commanders / 7th / 230th pick / 2022,PaulCh00,N/A
Jayden Peevy,DT,Texas A&M,College Stats,6-5,308,5.3,27.0,,100.0,,,,PeevJa00,4240927
Trevor Penning,OT,Northern Iowa,,6-7,325,4.89,28.0,,111.0,7.25,4.62,New Orleans Saints / 1st / 19th pick / 2022,PennTr00,N/A
EJ Perry,QB,Brown,,6-2,211,4.65,34.5,,123.0,6.85,4.18,,-9999,N/A
Nicholas Petit-Frere,OT,Ohio St.,College Stats,6-5,316,5.14,24.5,,103.0,,,Tennessee Titans / 3rd / 69th pick / 2022,PetiNi00,4361368
Kyle Philips,WR,UCLA,College Stats,5-11,189,4.58,33.5,,124.0,,,Tennessee Titans / 5th / 163rd pick / 2022,PhilKy01,4367175
George Pickens,WR,Georgia,College Stats,6-3,195,4.47,33.0,,125.0,,,Pittsburgh Steelers / 2nd / 52nd pick / 2022,PickGe00,4426354
Kenny Pickett,QB,Pittsburgh,College Stats,6-3,217,4.73,33.5,,121.0,,4.29,Pittsburgh Steelers / 1st / 20th pick / 2022,PickKe00,4240703
Alec Pierce,WR,Cincinnati,College Stats,6-3,211,4.41,40.5,,129.0,7.13,4.28,Indianapolis Colts / 2nd / 53rd pick / 2022,PierAl00,4360078
Dameon Pierce,RB,Florida,College Stats,5-10,218,4.59,34.5,21.0,119.0,,,Houston Texans / 4th / 107th pick / 2022,PierDa01,4360238
Jalen Pitre,S,Baylor,College Stats,5-11,198,,35.0,16.0,,6.74,4.18,Houston Texans / 2nd / 37th pick / 2022,PitrJa00,4241223
Makai Polk,WR,Mississippi St.,College Stats,6-3,195,4.59,31.0,,119.0,,4.36,,PolkMa00,N/A
D'vonte Price,RB,Florida International,College Stats,6-1,210,4.38,34.0,,119.0,,,,PricDV00,N/A
Brock Purdy,QB,Iowa St.,College Stats,6-1,212,4.84,27.0,,,7.21,4.45,San Francisco 49ers / 7th / 262nd pick / 2022,PurdBr00,4361741
Teagan Quitoriano,TE,Oregon St.,College Stats,6-6,258,,,22.0,,,,Houston Texans / 5th / 170th pick / 2022,QuitTe00,4374045
Bernhard Raimann,OT,Central Michigan,College Stats,6-6,303,5.05,30.5,30.0,117.0,7.46,4.49,Indianapolis Colts / 3rd / 77th pick / 2022,RaimBe00,4362580
Charleston Rambo,WR,Miami,College Stats,6-1,177,4.57,33.5,,118.0,,,,RambCh00,N/A
LaBryan Ray,DT,Alabama,College Stats,6-4,283,,,,,,,,RayxLa02,4241473
Sean Rhyan,OG,UCLA,College Stats,6-5,321,5.25,33.5,,110.0,7.55,4.81,Green Bay Packers / 3rd / 92nd pick / 2022,RhyaSe00,4426411
Desmond Ridder,QB,Cincinnati,College Stats,6-3,211,4.52,36.0,,127.0,7.15,4.29,Atlanta Falcons / 3rd / 74th pick / 2022,RiddDe00,4239086
John Ridgeway,DT,Arkansas,College Stats,6-5,321,5.3,,,101.0,,4.73,Dallas Cowboys / 5th / 178th pick / 2022,RidgJo00,4248047
Ronnie Rivers,RB,Fresno St.,College Stats,5-8,195,4.6,36.5,,119.0,,,,RiveRo01,4243003
Brian Robinson,RB,Alabama,College Stats,6-2,225,4.53,30.0,,119.0,,,Washington Commanders / 3rd / 98th pick / 2022,RobiBr01,4241474
Dominique Robinson,EDGE,Miami (Ohio),College Stats,6-5,253,4.72,41.0,25.0,121.0,,,Chicago Bears / 5th / 174th pick / 2022,RobiDo00,4244300
Tyrese Robinson,OG,Oklahoma,College Stats,6-3,317,5.25,22.5,,100.0,8.35,4.94,,RobiTy01,N/A
Wan'Dale Robinson,WR,Kentucky,College Stats,5-8,178,4.44,34.5,,118.0,,,New York Giants / 2nd / 43rd pick / 2022,RobiWa01,4569587
Malcolm Rodriguez,LB,Oklahoma St.,College Stats,5-11,232,4.52,39.5,,120.0,,,Detroit Lions / 6th / 188th pick / 2022,RodrMa00,4241411
Mike Rose,LB,Iowa St.,College Stats,6-4,245,,34.0,,121.0,,,,RoseMi00,N/A
Dare Rosenthal,OT,Kentucky,College Stats,6-7,290,4.88,,,,,,,RoseDa00,N/A
Josh Ross,LB,Michigan,College Stats,6-0,227,4.79,31.0,,109.0,,,,RossJo02,4258198
Justyn Ross,WR,Clemson,College Stats,6-4,205,,,11.0,,,,,RossJu00,4360306
Jeremy Ruckert,TE,Ohio St.,College Stats,6-5,250,,,19.0,,,,New York Jets / 3rd / 101st pick / 2022,RuckJe00,4361372
Andrew Rupcich,OT,Culver-Stockton College,,6-6,318,5.31,27.5,,108.0,,,,-9999,N/A
Jamaree Salyer,OG,Georgia,College Stats,6-3,321,,,31.0,,,,Los Angeles Chargers / 6th / 195th pick / 2022,SalyJa00,N/A
Jack Sanborn,LB,Wisconsin,College Stats,6-2,234,4.73,34.5,20.0,114.0,,,,SanbJa00,4372576
Braylon Sanders,WR,Mississippi,College Stats,6-0,194,4.48,34.5,,121.0,,,,SandBr00,4259908
Myjai Sanders,EDGE,Cincinnati,College Stats,6-5,228,4.67,33.0,,120.0,,4.37,Arizona Cardinals / 3rd / 100th pick / 2022,SandMy00,4360080
Nephi Sewell,LB,Utah,College Stats,6-0,226,4.67,32.0,,120.0,7.01,4.33,,SeweNe00,4241611
Justin Shaffer,OG,Georgia,College Stats,6-4,314,5.14,25.5,,107.0,,,Atlanta Falcons / 6th / 190th pick / 2022,ShafJu00,N/A
Khalil Shakir,WR,Boise St.,College Stats,6-0,196,4.43,34.5,,124.0,7.28,4.21,Buffalo Bills / 5th / 148th pick / 2022,ShakKh00,4373678
Abram Smith,RB,Baylor,College Stats,6-0,213,,,,,,,,SmitAb00,N/A
Brandon Smith,LB,Penn St.,College Stats,6-4,250,4.52,37.5,,128.0,,,Carolina Panthers / 4th / 120th pick / 2022,SmitBr08,4575416
Lecitus Smith,OG,Virginia Tech,College Stats,6-3,314,5.18,,23.0,99.0,7.88,4.78,Arizona Cardinals / 6th / 215th pick / 2022,SmitLe01,N/A
Tyler Smith,OT,Tulsa,College Stats,6-5,324,5.02,27.5,,105.0,7.78,4.65,Dallas Cowboys / 1st / 24th pick / 2022,SmitTy02,4568652
Tyreke Smith,EDGE,Ohio St.,College Stats,6-3,254,4.86,34.0,,117.0,,,Seattle Seahawks / 5th / 158th pick / 2022,SmitTy03,4361340
Baylon Spector,LB,Clemson,College Stats,6-0,233,4.6,36.0,,122.0,,,Buffalo Bills / 7th / 231st pick / 2022,SpecBa00,4239997
Isaiah Spiller,RB,Texas A&M,College Stats,6-0,217,,30.0,,114.0,,,Los Angeles Chargers / 4th / 123rd pick / 2022,SpilIs00,4426891
Chris Steele,CB,USC,College Stats,6-0,187,4.48,37.5,,126.0,,,,SteeCh00,N/A
Derek Stingley,CB,LSU,College Stats,6-0,190,,,,,,,Houston Texans / 1st / 3rd pick / 2022,StinDe00,4426434
Jordan Stout,P,Penn St.,College Stats,6-3,209,4.65,,,,,,Baltimore Ravens / 4th / 130th pick / 2022,StouJo00,4260224
Cole Strange,OG,Tennessee-Chattanooga,,6-5,307,5.03,28.0,31.0,120.0,7.44,4.5,New England Patriots / 1st / 29th pick / 2022,StraCo01,4051001
Carson Strong,QB,Nevada,College Stats,6-3,226,,,,,,,,StroCa00,N/A
Pierre Strong,RB,South Dakota St.,,5-11,207,4.37,36.0,,124.0,,,New England Patriots / 4th / 127th pick / 2022,StroPi00,4249836
Andrew Stueber,OT,Michigan,College Stats,6-7,325,,24.5,,101.0,7.94,4.9,New England Patriots / 7th / 245th pick / 2022,StueAn00,N/A
Myron Tagovailoa-Amosa,DE,Notre Dame,College Stats,6-2,270,4.81,29.0,,115.0,,,,TagoMy02,N/A
Alontae Taylor,CB,Tennessee,College Stats,6-0,199,4.36,34.5,,128.0,,,New Orleans Saints / 2nd / 49th pick / 2022,TaylAl01,4369835
Cam Taylor-Britt,CB,Nebraska,College Stats,5-11,196,4.38,,,,,,Cincinnati Bengals / 2nd / 60th pick / 2022,TaylCa01,4361196
Isaac Taylor-Stuart,CB,USC,College Stats,6-2,201,4.42,,,123.0,,,,TaylIs00,N/A
Luke Tenuta,OT,Virginia Tech,College Stats,6-8,319,5.41,26.0,,104.0,,4.77,Buffalo Bills / 6th / 209th pick / 2022,TenuLu00,N/A
Kayvon Thibodeaux,EDGE,Oregon,College Stats,6-4,254,4.58,,27.0,,,,New York Giants / 1st / 5th pick / 2022,ThibKa00,4426326
Zach Thomas,OG,San Diego St.,,6-5,308,4.96,22.5,21.0,107.0,7.4,4.65,,-9999,985
Cameron Thomas,DE,San Diego St.,College Stats,6-4,267,,,24.0,,,,Arizona Cardinals / 3rd / 87th pick / 2022,ThomCa03,4361510
Isaiah Thomas,EDGE,Oklahoma,College Stats,6-5,266,4.7,31.5,,117.0,,,Cleveland Browns / 7th / 223rd pick / 2022,ThomIs01,4241404
Juanyeh Thomas,S,Georgia Tech,College Stats,6-1,212,4.55,34.0,17.0,122.0,,,,ThomJu03,4360590
Josh Thompson,CB,Texas,College Stats,6-0,194,4.4,,,,,,,ThomJo07,4259346
Skylar Thompson,QB,Kansas St.,College Stats,6-2,217,4.91,31.0,,112.0,7.0,4.28,Miami Dolphins / 7th / 247th pick / 2022,ThomSk00,4036419
Tyquan Thornton,WR,Baylor,College Stats,6-2,181,4.28,36.5,,130.0,,,New England Patriots / 2nd / 50th pick / 2022,ThorTy00,4362921
Channing Tindall,LB,Georgia,College Stats,6-2,230,4.47,42.0,,129.0,,,Miami Dolphins / 3rd / 102nd pick / 2022,TindCh00,4379414
Jalen Tolbert,WR,South Alabama,College Stats,6-1,194,4.49,36.0,,123.0,7.08,,Dallas Cowboys / 3rd / 88th pick / 2022,TolbJa00,4249417
Zach Tom,C,Wake Forest,College Stats,6-4,304,4.94,33.0,,118.0,7.32,4.47,Green Bay Packers / 4th / 140th pick / 2022,TomxZa00,4240435
Cole Turner,TE,Nevada,College Stats,6-6,246,4.76,27.0,17.0,120.0,7.06,4.41,Washington Commanders / 5th / 149th pick / 2022,TurnCo00,4361438
Tré Turner,WR,Virginia Tech,College Stats,6-1,184,4.51,27.0,,113.0,7.45,4.53,,TurnTr02,N/A
Delarrin Turner-Yell,S,Oklahoma,College Stats,5-10,197,4.47,,,122.0,,,Denver Broncos / 5th / 152nd pick / 2022,TurnDe02,4360287
Eyioma Uwazurike,DT,Iowa St.,College Stats,6-6,316,,33.0,,107.0,,,Denver Broncos / 4th / 116th pick / 2022,UwazEy00,4066109
CJ Verdell,RB,Oregon,College Stats,5-8,194,,29.5,,118.0,,,,VerdCJ00,N/A
Cordell Volson,OG,North Dakota St.,,6-6,315,5.27,25.0,25.0,104.0,8.31,4.93,Cincinnati Bengals / 4th / 136th pick / 2022,VolsCo02,4040950
Matt Waletzko,OT,North Dakota,,6-8,312,5.03,30.0,,113.0,,,Dallas Cowboys / 5th / 155th pick / 2022,WaleMa00,N/A
Kenneth Walker,RB,Michigan St.,College Stats,5-9,211,4.38,34.0,,122.0,,,Seattle Seahawks / 2nd / 41st pick / 2022,WalkKe00,4567048
Quay Walker,LB,Georgia,College Stats,6-4,241,4.52,32.0,,122.0,,,Green Bay Packers / 1st / 22nd pick / 2022,WalkQu00,4379416
Rasheed Walker,OT,Penn St.,College Stats,6-6,313,,,,,,,Green Bay Packers / 7th / 249th pick / 2022,WalkRa00,4361429
Travon Walker,DE,Georgia,College Stats,6-5,272,4.51,35.5,,123.0,6.89,4.32,Jacksonville Jaguars / 1st / 1st pick / 2022,WalkTr03,4426349
Jermaine Waller,CB,Virginia Tech,College Stats,6-0,180,4.68,,,,,,,WallJe00,N/A
Jaylen Warren,RB,Oklahoma St.,College Stats,5-8,204,4.55,31.5,,119.0,,,,WarrJa01,4569987
Christian Watson,WR,North Dakota St.,,6-4,208,4.36,38.5,,136.0,,,Green Bay Packers / 2nd / 34th pick / 2022,WatsCh00,4248528
Jaylen Watson,CB,Washington St.,College Stats,6-2,197,4.51,,18.0,,,,Kansas City Chiefs / 7th / 243rd pick / 2022,WatsJa02,4697639
Luke Wattenberg,C,Washington,College Stats,6-4,299,5.2,29.5,,113.0,7.45,4.57,Denver Broncos / 5th / 171st pick / 2022,WattLu00,4039018
Sam Webb,CB,Missouri Western,,6-1,202,4.48,,14.0,,,,,-9999,4700660
Dohnovan West,C,Arizona St.,College Stats,6-3,296,5.27,28.0,,112.0,,,,WestDo01,N/A
Isaiah Weston,WR,Northern Iowa,,6-4,214,4.42,40.0,20.0,135.0,,,,-9999,N/A
Rachaad White,RB,Arizona St.,College Stats,6-0,214,4.48,38.0,,125.0,,,Tampa Bay Buccaneers / 3rd / 91st pick / 2022,WhitRa01,4697815
ZaQuandre White,RB,South Carolina,College Stats,6-0,206,,,,,,,,WhitZa00,N/A
Zamir White,RB,Georgia,College Stats,6-0,214,4.4,33.5,,128.0,,,Las Vegas Raiders / 4th / 122nd pick / 2022,WhitZa01,4361777
Tre Williams,EDGE,Arkansas,,6-4,253,5.08,26.5,,104.0,7.2,4.24,,-9999,2972282
Damarion Williams,CB,Houston,College Stats,5-10,182,,34.5,17.0,118.0,,,Baltimore Ravens / 4th / 141st pick / 2022,WillDa15,4567480
Devon Williams,WR,Oregon,College Stats,6-5,210,4.65,33.0,,133.0,,,,WillDe09,N/A
Jameson Williams,WR,Alabama,College Stats,6-2,179,,,,,,,Detroit Lions / 1st / 12th pick / 2022,WillJa11,4426388
Joshua Williams,CB,Fayetteville St. University,,6-3,195,4.53,36.0,,124.0,,,Kansas City Chiefs / 4th / 135th pick / 2022,WillJo03,4917635
Kyren Williams,RB,Notre Dame,College Stats,5-9,194,4.65,32.0,,116.0,,,Los Angeles Rams / 5th / 164th pick / 2022,WillKy02,4430737
Sam Williams,EDGE,Mississippi,College Stats,6-4,261,4.46,32.5,,123.0,,,Dallas Cowboys / 2nd / 56th pick / 2022,WillSa00,4567242
Malik Willis,QB,Liberty,College Stats,6-1,219,,,,,,,Tennessee Titans / 3rd / 86th pick / 2022,WillMa12,4242512
Garrett Wilson,WR,Ohio St.,College Stats,6-0,183,4.38,36.0,,123.0,,4.36,New York Jets / 1st / 10th pick / 2022,WilsGa00,4569618
Perrion Winfrey,DT,Oklahoma,College Stats,6-4,290,4.89,,,,,,Cleveland Browns / 4th / 108th pick / 2022,WinfPe00,4686470
Jelani Woods,TE,Virginia,College Stats,6-7,259,4.61,,24.0,,,,Indianapolis Colts / 3rd / 73rd pick / 2022,WoodJe01,4241410
JT Woods,S,Baylor,College Stats,6-2,195,4.36,39.5,,128.0,,,Los Angeles Chargers / 3rd / 79th pick / 2022,WoodJT00,4362917
Mike Woods,WR,Oklahoma,College Stats,6-1,204,4.55,34.5,,125.0,,,Cleveland Browns / 6th / 202nd pick / 2022,WoodMi00,N/A
Tariq Woolen,CB,Texas-San Antonio,College Stats,6-4,205,4.26,42.0,,,,,Seattle Seahawks / 5th / 153rd pick / 2022,WoolTa00,N/A
Alex Wright,DE,Alabama-Birmingham,College Stats,6-5,271,,,15.0,,,,Cleveland Browns / 3rd / 78th pick / 2022,WrigAl01,4570119
Mykael Wright,CB,Oregon,College Stats,5-11,173,4.57,,,,,,,WrigMy00,N/A
Devonte Wyatt,DT,Georgia,College Stats,6-3,304,4.77,29.0,,111.0,,,Green Bay Packers / 1st / 28th pick / 2022,WyatDe00,4361791
Jalen Wydermyer,TE,Texas A&M,College Stats,6-4,255,,,,,,,,WydeJa00,N/A
Cade York,K,LSU,College Stats,6-1,206,,,12.0,,,,Cleveland Browns / 4th / 124th pick / 2022,YorkCa00,4428963
Nick Zakelj,OT,Fordham,,6-6,316,5.13,28.5,27.0,110.0,7.75,4.71,San Francisco 49ers / 6th / 187th pick / 2022,ZakeNi00,N/A
Bailey Zappe,QB,Western Kentucky,College Stats,6-1,215,4.88,30.0,,109.0,7.19,4.4,New England Patriots / 4th / 137th pick / 2022,ZappBa00,4250360
